,RA,DEC,z,xVal,yVal,zVal
26695,197.89141,43.557812,0.048392000000000004,-100.11834773987782,-32.320769988504374,100.03876873086304
13225,256.869139,30.731766999999998,0.052663,-30.851043482714015,-132.25173292366273,80.7354716076885
12687,146.898479,32.01575,0.052148,-111.12082993506117,72.44296122383575,82.93915637179485
10750,149.984826,24.961516,0.047629000000000005,-112.16788738626072,64.79977420011464,60.29966062854165
1938,220.069824,14.836142,0.053520000000000005,-118.77399144273011,-99.91012319335837,41.112283325670816
1679,212.693919,6.456336,0.057299,-143.74555770174905,-92.26146533947635,19.329129919004114
4633,205.79748700000002,33.741162,0.046017,-103.35612199883786,-49.95870909356892,76.67931945489279
10947,141.576739,23.525774,0.051361000000000004,-110.68121807372147,87.79803830365337,61.5040106395309
5545,168.28319399999998,45.227055,0.050631999999999996,-104.75109600238063,21.724954374195697,107.83148454759932
17998,226.99915499999997,5.583387999999999,0.050946,-103.74237753588065,-111.24679017262066,14.870273147851444
23909,140.499484,64.033023,0.036657999999999996,-37.1553389243331,30.629059806712753,98.87174601864149
20018,116.45366299999999,51.209865,0.040268,-33.713480993939115,67.75595185458468,94.16017525233535
8151,141.78253,65.663024,0.049277999999999995,-47.86507610676547,37.68973850440157,134.6971033718371
8339,227.664854,18.553032,0.023063,-44.17480717783553,-48.48769464364812,22.0147132605762
9200,235.07849700000003,40.643019,0.043914999999999996,-57.225784077891454,-81.9656653285846,85.81133007309117
17735,236.214198,12.832696,0.051647000000000005,-84.00902540805639,-125.5584784778553,34.413160466810986
27705,236.96398100000002,57.485769999999995,0.050467000000000005,-44.365299561719084,-68.22263814766562,127.67010080661647
15711,197.692976,63.775946,0.054884,-69.315348100371,-22.111986750483936,147.7048532163748
12482,54.409487,0.821909,0.05505499999999999,96.1142124165869,134.29788614534863,2.3692136733923856
20484,192.006429,13.310478,0.048276,-137.8543440948579,-29.31801289029249,33.34341791630185
20819,181.05740600000001,9.913136,0.037703,-111.40129530610922,-2.0561684387492893,19.472274044716414
18382,227.76753599999998,21.564178,0.057862000000000004,-108.50769734660228,-119.53114422501879,63.80034931562613
3114,119.752845,22.191473000000002,0.027257,-37.573780939659564,65.73290545227857,30.885151249431846
9992,151.193861,7.20321,0.048588,-126.71838393507541,69.68170294740658,18.277175471943504
26378,190.109185,32.926626,0.057926,-143.59905601262662,-25.602638981753493,94.45956422434156
9201,235.149092,40.710755999999996,0.044048000000000004,-57.23956833853473,-82.20100166072288,86.1896970547643
15459,186.515611,59.645134,0.047556,-71.63218726740817,-8.181227948584967,123.1099325015665
22239,29.587498999999998,0.480969,0.058175,151.76206021845812,86.16905700767234,1.4650316234164278
21469,190.06028999999998,31.748283,0.045232,-113.6173310054156,-20.157095818523484,71.40166664279405
7084,160.455727,56.702064,0.041469,-64.36339789490073,22.848260802133314,103.98274683206049
11878,203.459407,35.049113,0.057609,-129.79161919466014,-56.32569571419608,99.2508111711946
12844,141.173205,35.316532,0.047986,-91.5109133703057,73.64715145794209,83.22112460345235
17959,231.540032,6.462033,0.051936,-96.29185354599183,-121.22921367888992,17.53538010638253
6772,249.040577,26.230535999999997,0.057113,-54.97773547611792,-143.52562762459632,75.72909439497951
4409,214.89230099999997,29.223079,0.047327999999999995,-101.63705143992065,-70.88268737053471,69.31818420681513
4901,315.917004,10.692159,0.031613,66.94317442740926,-64.83393606267727,17.59568280011146
1466,152.72950500000002,17.280479999999997,0.049184,-125.23214691388466,64.55548319902577,43.83025977882753
7258,181.102949,66.328324,0.047152,-56.78336435128947,-1.0932200012991573,129.55405952334132
8069,149.855829,64.139278,0.057179999999999995,-64.70442969984457,37.57452030164372,154.36147123333345
2703,169.23388,27.951371,0.024753999999999998,-64.44433899136439,12.253925823488647,34.80823347828141
14417,338.92246600000004,-0.7399100000000001,0.044086,123.39893803014388,-47.560106022184854,-1.707914573756406
27483,112.225321,39.381099,0.053163999999999996,-46.62997439740192,114.11907405600132,101.19377692476215
4298,215.02583700000002,19.989898999999998,0.048958999999999996,-113.03027741165754,-79.2206363308156,50.21055961234046
25855,124.97954399999999,28.820240999999996,0.038951,-58.692334695090736,83.88506705834124,56.3305332981771
15383,195.054047,60.860673999999996,0.049927,-70.43062040411816,-18.943052920907714,130.82444884854937
1342,158.614649,19.481079,0.055929,-147.29053419085525,57.679091615688456,55.95621768098263
19201,166.25818700000002,47.796974,0.03557,-69.63161270972483,17.028202170155307,79.04747271289072
2597,170.387023,22.738435,0.021202000000000002,-57.838754234747455,9.79616827823064,24.58529706220921
19143,171.222024,59.282929,0.026839,-40.64628219650069,6.276379368108059,69.22047453340679
7461,141.720466,54.404214,0.040199,-55.102970177463526,43.48575361362762,98.06267546460496
13218,254.461061,39.537641,0.057717,-35.77316906453086,-128.65428716523908,110.22533089124605
11323,124.64861599999999,8.744933,0.038752999999999996,-65.32972865451299,94.5291306203406,17.675550885058286
25695,233.58089700000002,36.753935,0.050587,-72.18811637062899,-97.84526263166087,90.81069076051472
17799,235.23314900000003,26.375756,0.058804999999999996,-90.12627262268532,-129.83493481514068,78.37344518195926
13039,139.345888,43.327333,0.051724,-85.63650274780169,73.53976669143601,106.47366667911325
28145,239.71286899999998,-0.275812,0.021847,-33.05415118892281,-56.594577732871315,-0.31550185073899484
24401,199.421147,63.704925,0.032531,-40.77316112238531,-14.375413825113432,87.49451673359161
25374,128.957536,17.545554,0.054453999999999995,-97.93446293980381,121.12242723682613,49.24775764389644
17413,157.516387,26.019873999999998,0.046768000000000004,-116.49935188817145,48.216579793561614,61.54896309969089
18051,225.737686,16.764384,0.053252,-106.76190619984281,-109.54704860670078,46.07948634845121
13150,243.50352900000001,29.291187,0.054175,-63.23862548202146,-126.85662666220219,79.51508123639992
10195,153.180472,17.41064,0.058475,-149.38230294976537,75.52234691133118,52.490316320527725
20972,193.518298,18.56005,0.056139,-155.23446231268733,-37.32093426903528,53.606860239872304
19746,133.81253700000002,43.933803000000005,0.035291,-52.78351547003484,55.0180375936287,73.45752625136959
6290,153.68573999999998,44.772937,0.04675,-89.24676023835421,44.136137332808836,98.7779310792505
20603,187.817321,21.373521,0.043575,-120.60299699039491,-16.557700572232942,47.64226373394816
10821,141.366064,23.380941,0.051005,-109.71296844551351,87.68915594673038,60.722868091220455
26314,320.456491,-0.032646,0.042796,99.00527814295047,-81.74000301251006,-0.073152934768191
6168,156.053926,43.079428,0.044481,-89.07851654087314,39.559894002599016,91.14311233648169
27516,346.883872,0.938041,0.050654000000000005,147.97780085875561,-34.47942527688195,2.487796129585634
44,44.41652,-7.777117999999999,0.021544,45.74013270362709,44.81788987669521,-8.74599515521273
19921,142.387938,65.699421,0.030412,-29.742296854493276,22.91462842687245,83.15240993427412
6570,246.725057,22.70974,0.059851999999999995,-65.44982859128385,-152.15593332241423,69.31990354982176
13775,128.95625900000002,46.538292,0.048296,-62.661474648762955,77.50137867386931,105.16467297763043
10739,148.23065400000002,22.712747,0.049523000000000005,-116.51454699604623,72.15580734061484,57.36416622186899
13999,124.032399,50.34377,0.048362999999999996,-51.82067921405456,76.7336842388932,111.70217916370248
2067,224.917483,20.301849,0.055985,-111.54464737494348,-111.22381749391224,58.274660780483465
11659,181.793701,6.137596,0.053564,-159.69262729634315,-5.000969378102929,17.180627359631576
572,159.055055,6.675451,0.052461,-145.98734582307998,55.878402819728414,18.295016995035173
10672,142.647308,12.826118,0.036953,-85.92473954149413,65.58207682868955,24.609921059650954
3292,212.023614,14.625437,0.049578,-122.01505836796903,-76.31341135522939,37.55517986628003
1024,174.332933,20.741604000000002,0.044931,-125.4405741931634,12.447817777744405,47.737480323761794
10608,138.45519,9.217611,0.042362000000000004,-93.88767431861562,83.19579086581352,20.35721958552761
11331,123.266598,9.320907,0.044661,-72.52405758843048,110.54771613000855,21.700410557154648
3797,206.531137,22.062276999999998,0.042789999999999995,-106.44170264080064,-53.14211918799491,48.217590225314176
24108,185.60325,48.281653000000006,0.021797,-43.307785892206226,-4.248845721020187,48.809485473151554
1835,220.79532200000003,8.762144000000001,0.052103,-116.95243776313028,-100.93397415327439,23.81099838073319
15899,44.033536,-0.420705,0.024884,53.66834579854486,51.88766042402792,-0.5481413764513084
1502,164.139219,23.979874,0.05954500000000001,-157.0028178535725,44.60726283580585,72.60007240585419
14472,344.329878,-9.138962,0.034519,98.44237717096318,-27.61552173856891,-16.44790518687574
4638,211.36122000000003,34.970135,0.046237,-97.0604955160363,-59.15584529695368,79.50212386084026
6238,155.388976,46.126371,0.041698,-78.82283653567525,36.10625867937143,90.1765344235879
631,164.312337,8.659021000000001,0.045762,-130.66557361765598,36.698080114621455,20.66892796130837
10309,152.677372,16.983942000000003,0.050036000000000004,-127.54502107699264,65.89469801580614,43.84709837463845
8963,230.39870299999998,32.173004999999996,0.042071,-68.09930490534639,-82.31412489017474,67.20558670209924
19148,151.920897,45.840123999999996,0.027032,-49.84684710398678,26.59237873729323,58.178161219517065
18822,236.344898,30.885977,0.048167,-68.72505483387846,-103.22401344370459,74.17687569353603
12047,218.34416099999999,35.118095000000004,0.052565999999999995,-101.16816966345188,-80.02449327825369,90.71792064694681
13394,249.452041,39.062529999999995,0.049373,-40.36690639465327,-107.69131034512459,93.33987735836901
26012,124.438891,31.170326,0.046835,-67.98800815311523,99.14954330588046,72.7231313586487
7850,167.374919,63.314178000000005,0.05975900000000001,-78.56621956618447,17.597744688282216,160.18087043702857
10585,136.019172,14.737847,0.05041,-105.24068786193655,101.56171786367996,38.47243146624239
5267,159.233221,36.433503,0.059578,-134.4573714530612,50.98637375116194,106.14823460444529
26218,192.205713,16.171379,0.058815,-165.63283317527757,-35.82837386629591,49.14193957738734
18124,234.984002,18.315096,0.046527,-76.03503650771117,-108.52477968719084,43.86229563209977
6198,150.998956,38.373946000000004,0.045361,-93.30854566944188,51.72399406214726,84.47914909794387
26343,328.22161,-8.374908,0.050227,126.7266671957708,-78.50770646493432,-21.946653687249512
21524,186.179429,36.393252000000004,0.045538999999999996,-109.33275184214114,-11.837622102917257,81.05815669365609
24588,131.07151000000002,-0.487059,0.051664,-101.82613595112318,116.84272419000968,-1.317537521557122
11265,7.343551,-10.576274,0.056965999999999996,166.61672468421926,21.47283233587293,-31.367354542239767
21504,188.410949,35.179768,0.048076,-116.61660530574439,-17.243213610660415,83.09605848258609
6042,147.330123,39.280184000000006,0.056188,-109.83612465654923,70.4320205531658,106.72009322161126
19068,179.182548,45.926171999999994,0.025592,-53.39877515364289,0.7619042437437654,55.15926477042688
17585,151.65189099999998,34.420709,0.043951,-95.72333667548551,51.645430971944464,74.53191185280143
25825,230.38111099999998,46.786848,0.05387,-70.56333859433386,-85.23919234663522,117.78322221146237
8986,223.564969,34.634493,0.039856,-71.28540601073975,-67.80111422554432,67.95517952046542
15214,202.126679,59.330202,0.049689,-70.43761677608471,-28.63996364782522,128.21569761209693
6558,252.480069,20.049984,0.059189,-50.21467414499076,-159.06763625857673,60.877032488628466
5526,169.554098,43.800641999999996,0.048433,-103.13185457260623,19.013656222833532,100.5688860953262
7710,180.28960700000002,62.58074499999999,0.05114,-70.64871918732474,-0.3571037524962039,136.1849013440935
4191,202.460645,26.710778,0.057129,-141.4840900744451,-58.49080578692945,77.03623603994421
6352,150.376273,39.83793,0.047601,-95.31998967220802,54.201514868133096,91.48219588471684
9486,199.109648,50.081097,0.029205000000000002,-53.1245580730031,-18.40604647685789,67.19662943660099
3469,204.611105,14.905347,0.046702999999999995,-123.0947542071469,-56.386040236866364,36.03925407231079
16369,162.990202,0.976067,0.04211,-120.78613298637137,36.950613925906744,2.1520010913559533
17725,239.74901699999998,9.963683999999999,0.049731,-74.02814374428252,-126.9331502365296,25.813960444039765
20021,195.014795,4.678022,0.05268,-152.13585288513167,-40.80678709489223,12.889142481395009
5391,176.31933899999999,40.430394,0.044430000000000004,-101.25032371975846,6.513247615878986,86.44173559189088
8893,219.381696,27.534360999999997,0.038794,-79.76690963263866,-65.47861316924273,53.80112702435828
24530,22.12494,-10.227399,0.050115,137.06135699731735,55.72435586382516,-26.694561367733773
1766,222.071808,12.141619,0.059005999999999996,-128.46210125648753,-115.95965169022958,37.23197610453393
4926,319.797936,9.52769,0.033893,76.58839329450615,-64.72693979262347,16.830339231523105
2173,220.621337,20.785906,0.050864,-108.28324924463055,-92.87994013664196,54.15139072303701
16780,151.482913,13.294993,0.036433,-93.46434964013618,50.783097635021015,25.134910820178067
4677,211.437705,39.871773,0.044273,-86.97264342295537,-53.16691963782022,85.1464897294599
3668,217.97705499999998,18.855028,0.044801,-100.25910285714401,-78.26635780888832,43.435652851219835
1408,160.193373,22.703863000000002,0.04766,-124.09773453830351,44.69414821471118,55.18573908014804
26955,191.520717,47.887613,0.05876,-115.82942739248108,-23.609381740662837,130.769947785237
13060,138.124562,43.119665000000005,0.055584,-90.6301377173831,81.2476687115943,113.97905057623174
28107,217.94284900000002,3.9456870000000004,0.028962,-68.35801335131066,-53.29741268869025,5.978696124865008
9419,190.942433,41.632628000000004,0.033685,-74.15725093678896,-14.33740094668147,67.1360863663664
19428,163.495757,55.029723,0.031979,-52.720914758990155,15.62089328804809,78.61552524062094
8024,139.444229,57.250961,0.054145000000000006,-66.76197365935435,57.13259480723932,136.61564591473223
25397,130.88797,26.436646999999997,0.052326,-92.00961001395224,106.26387477276117,69.88786065805238
7606,133.53203200000002,57.719051,0.045484,-50.19344872981061,52.833671419633966,115.36190520674502
14336,332.088533,-9.367637,0.04018,105.09732413635187,-55.67310208897951,-19.620136675585577
710,165.212534,14.366610000000001,0.050551,-142.04470964000996,37.496590241424336,37.62895949334753
4402,212.36456800000002,28.087667,0.049426,-110.49411491094088,-70.02588567166886,69.81254321356695
20120,193.90421899999998,4.334487,0.042046,-122.09179804148292,-30.2242064125884,9.533375148760438
7359,145.642158,51.121489000000004,0.042429,-65.95512167396977,45.08916843734857,99.0902073042551
2434,180.140648,20.116303,0.058210000000000005,-163.9764523068069,-0.40252539689973854,60.059953065069465
6011,147.01044,34.772774,0.048954000000000004,-101.18535440603803,65.68432781471559,83.75882148916297
21200,193.890788,30.454088,0.043069,-108.12370353861182,-26.739463403471486,65.48827894355443
26821,183.001273,45.753565,0.052797000000000004,-110.36508138962304,-5.786447659696935,113.46265779693104
5696,161.09764099999998,36.897975,0.05252999999999999,-119.2293409073097,40.826811965490414,94.61576925408895
22331,172.674074,47.937546000000005,0.055788,-111.20859660808921,14.29729977395349,124.25354624972681
7602,136.70398500000002,59.004293000000004,0.047725,-53.66320712922289,50.56260188418028,122.73045309257196
24037,254.032737,21.176668,0.029951,-23.048341230241736,-80.55279661150817,32.458936113177465
13277,238.190898,33.116433,0.050377,-66.71999234620803,-107.57017138971536,82.5692437261551
2831,142.690544,35.787733,0.024922,-48.23889101861578,36.76077024815893,43.721961530290294
9138,231.355675,35.041031,0.043328,-66.45961186092178,-83.1205519326528,74.63199108764817
6830,254.595021,24.472992,0.05391900000000001,-39.10862355911593,-141.9347850863745,67.01014396937272
6807,255.884978,20.141832,0.047514,-32.635703118714645,-129.78415552697948,49.08365940000733
27181,352.758062,0.32876500000000003,0.020361,60.59472485359581,-7.699958615809067,0.3504942679216915
11166,132.27543,26.765428999999997,0.051757000000000004,-93.25904844272166,102.57869085018864,69.92457013110287
11497,194.79973600000002,3.541004,0.059352999999999996,-171.82315222943996,-45.39678807820237,10.997430205347149
3645,210.422966,18.472903,0.047823000000000004,-117.34028321460178,-68.9063735468512,45.45903189399061
11523,195.892878,11.870414,0.059802,-168.85838220420345,-48.07788362903103,36.903613659538784
11219,130.704728,32.525133000000004,0.049912,-82.33581604191417,95.7082409130655,80.50848224900705
6576,247.17936400000002,24.058846,0.058164999999999994,-61.798135881151524,-146.8638651310571,71.13719523133722
5479,169.410987,41.650164000000004,0.045788,-100.89274174701144,18.86153939403703,91.28945990889665
14202,134.662896,56.445411,0.059234,-69.04321737144754,69.86047706702051,148.08966433538617
28088,231.29509700000003,4.889537000000001,0.027607,-51.600287385179165,-64.39639299079425,7.0592458904690725
20398,188.604413,14.749146,0.053441999999999996,-153.29818261172574,-23.196247799939098,40.817001016069256
8086,143.95306599999998,60.513028000000006,0.058855,-70.26965267378637,51.14188976369417,153.69411911164192
20846,190.770017,6.173592,0.028916000000000004,-84.72572750400103,-16.116350940936105,9.32897825414756
21296,185.124151,27.150745,0.044625,-118.64710412112431,-10.639383662014382,61.091601910275266
26413,188.450494,37.866984,0.057072000000000005,-133.69695246892337,-19.86305856129129,105.09758541999508
24061,248.984823,27.179959000000004,0.02452,-23.46678579503345,-61.084698959892556,33.601236843743095
10448,145.91958,25.195498999999998,0.055605999999999996,-125.02215133300986,84.58406512668243,71.01579209380904
3880,206.400196,20.505568,0.035016000000000005,-88.13069011139014,-43.74883027391321,36.798146884788345
7574,147.62190800000002,64.786796,0.043899,-47.379397936423274,30.042473903842225,119.15008276085673
16051,176.084325,12.652239999999999,0.038443,-112.26583641387873,7.684373955302144,25.260851375345464
22319,173.573702,44.384142,0.056027,-119.36705928475403,13.444641046171379,117.56687180430384
15502,184.923133,66.809874,0.042193,-49.66083163047464,-4.277633579417775,116.3518237662388
24694,198.017589,1.887487,0.046644,-132.99776030202318,-43.258735200341256,4.608926937187813
11737,310.25352799999996,-4.6792110000000005,0.052964,102.32920001555121,-120.86104109865671,-12.961914701390667
27706,236.39887799999997,57.556767,0.050519,-44.99473450343082,-67.71964259244113,127.90249459302117
24246,204.95603300000002,53.850443000000006,0.024872,-39.90594813138086,-18.571181302462172,60.25092517768187
3453,196.58299,17.061575,0.053953999999999995,-148.30247002402575,-44.16294976405344,47.490191586375346
21629,185.334389,41.236123,0.038055,-85.4802020549396,-7.981508325076212,75.25342388558435
12706,144.58295,33.345453000000006,0.055075,-112.4836173435831,79.98833451394928,90.82181894229447
5560,170.138981,44.203912,0.044141,-93.52667311507554,16.257456505290822,92.32717613468085
25627,225.880138,40.681084999999996,0.058753999999999994,-93.05468961924426,-95.9584060139406,114.89604736077665
5859,155.210358,39.104238,0.047109,-99.5640141252613,45.983192825572196,89.13963202656277
1834,221.325543,8.740519,0.052699,-117.34727108334368,-103.18482382204033,24.02439408407112
10298,147.663863,19.767315,0.055372000000000005,-132.0848931429792,83.61725017916108,56.180618827878284
6296,152.917336,45.365283000000005,0.046638,-87.52269963206624,44.75421696968415,99.56286711694047
25424,129.70376399999998,26.826725,0.052761,-90.23172499122664,108.67011141124593,71.43214108491391
6188,154.386223,37.409104,0.044277,-95.14144606665725,45.61227509562179,80.69510618337812
9707,175.715899,-3.5950290000000003,0.058066999999999994,-173.37242542931065,12.987558073082875,-10.92308734087672
13579,251.18289500000003,41.051251,0.051409,-37.51431479606371,-110.08983280605466,101.2860919727717
18245,225.03475899999998,18.577105,0.045593,-91.62234256827377,-91.73357709981805,43.575130702886355
22669,151.481961,50.507312,0.059454999999999994,-99.672914422359,54.1586160994665,137.64529653331311
26405,192.76943799999998,38.242919,0.057260000000000005,-131.57808749677926,-29.82000948345373,106.33128573047841
3725,215.975146,20.537215,0.039784,-90.4495083740286,-65.65548675041667,41.87055526814031
4385,214.20392999999999,23.773959,0.041112,-93.34829480467623,-63.448796179886486,49.72036822452628
16740,157.723347,18.547764,0.032512,-85.5683074814716,35.0533947967643,31.02572422971798
10226,148.87686100000002,13.944885999999999,0.056813,-141.6056038138362,85.49997857540502,41.073828079741254
8744,202.45042800000002,33.848934,0.021192,-48.79871306420747,-20.163642229132467,35.412157676886814
22681,158.231456,51.512453,0.050983,-88.39914901843295,35.300853298973635,119.71982630367133
2977,148.577478,24.465314000000003,0.03248,-75.68416560477155,46.238656610158806,40.35402472613277
23576,245.662899,34.532977,0.040996,-41.7533999586659,-92.31410312240348,69.71949584297018
18727,227.167994,29.917429,0.051174000000000004,-90.46399946693727,-97.58283242930516,76.56931565268252
2487,316.027683,9.029902,0.050282,107.21471426052322,-103.43598290334812,23.675265634257087
12881,133.729641,33.304376,0.049553,-85.88448825375974,89.77994924350124,81.62667255391551
6178,154.565008,44.806165,0.046714,-89.7925973102845,42.70388246381955,98.75954665139653
27436,116.393774,35.158734,0.055924,-60.97443377438355,122.86572170034772,96.61043857133663
2777,153.526549,31.191276000000002,0.030764,-70.67188206383143,35.194822613410444,47.79772809210155
14360,333.017941,-8.149749,0.038901,102.94942036776142,-52.4147505437351,-16.543910673718212
431,166.206252,16.987975,0.045682,-127.28624000880262,31.249772441737086,40.04086590923258
6446,246.493852,7.848242,0.054826,-64.98715801198664,-149.41638479097873,22.459424158229368
23328,239.647259,27.232172,0.039492,-53.23269351299189,-90.90463817460828,54.21429401638854
5552,179.11604599999998,41.479026,0.043673000000000003,-98.14752155774138,1.5143310562297145,86.77988922858123
1715,223.411825,7.860656,0.059387,-128.20590357566047,-121.28842769553592,24.3660730626255
9030,219.341281,27.860955999999998,0.036293,-74.44453017914473,-61.02176380522657,50.88214725722123
24934,187.696894,0.78482,0.036829,-109.48129152031463,-14.79640795063577,1.513369684593747
26717,196.77465,46.577395,0.049838,-98.39882322295651,-29.660858471561866,108.59254697753127
16548,155.28283000000002,14.556576000000002,0.047006,-123.98637641607108,57.07238344334184,35.442881306526054
26970,191.140428,52.080535999999995,0.059493,-107.61800700949877,-21.19268278871691,140.79768536634504
16753,153.89166799999998,13.126657000000002,0.033343,-87.47537761710386,42.86952011549681,22.717028784858776
25971,126.987847,35.675004,0.048519,-71.13947120344945,94.4469411160926,84.88693185471435
22854,241.27482,8.246714,0.043983999999999995,-62.761550627032356,-114.51681108469174,18.926649092839316
3676,219.75550299999998,18.413634,0.043055,-94.21547329309345,-78.37349146630532,40.79997123208993
6990,159.175474,52.400009999999995,0.043384,-74.22392044899094,28.231385249705138,103.11809552190435
6518,249.008744,14.871003,0.05705,-59.25676783196891,-154.43960121378677,43.924566509353724
21563,185.680474,36.653715999999996,0.045364,-108.64476781304249,-10.806796509356154,81.24383078151509
8061,154.138378,63.475607999999994,0.056641,-68.2842323962564,33.10053752911685,152.0376399130741
12603,38.272828000000004,0.634165,0.05519400000000001,129.98553253964997,102.5563327195759,1.8326684084277434
5152,163.307283,36.8132,0.056455,-129.8784905276621,38.94742008947131,101.48487272313166
22791,141.839925,51.314032,0.05925,-87.3588393538171,68.64611243212941,138.7487186777212
2176,221.15057599999997,20.933932000000002,0.050622,-106.80442921287144,-93.33759424536278,54.26038478485713
19968,120.444708,48.042778000000006,0.026508999999999998,-26.9414951849229,45.83867918771559,59.1397924964779
8831,225.12710800000002,28.335116999999997,0.041065,-76.50454595632324,-76.84474472457987,58.47176824101508
16820,143.095602,14.561041000000001,0.03537,-82.12430699031833,61.67053191561884,26.677252381094103
16703,156.299453,14.646078,0.034969,-92.937684999168,40.797849691276625,26.525474860281424
13661,247.15007999999997,46.622341999999996,0.051211,-40.97374306787022,-97.235447256942,111.66699989142096
21890,224.33381699999998,-0.5843550000000001,0.052096,-111.78392785467597,-109.21424709959793,-1.5939409802642819
24545,27.129676,-8.054188,0.050613,133.8002245555728,68.55650570676401,-21.274100572215254
12581,54.95158299999999,-5.472213,0.055171000000000005,94.6157138132428,134.88250819710848,-15.783816112318997
15511,188.386648,63.06377,0.047303,-63.59713186948285,-9.376064285295099,126.51347168382354
22538,160.518363,54.690224,0.053674,-87.74179559205204,31.03935586036892,131.40022898783675
19697,145.067159,45.387218,0.0437,-75.48370812526336,52.72251172886777,93.32607655237335
4668,214.929493,38.787283,0.04515,-86.56066240665763,-60.45181952135767,84.85005445064755
2878,136.843329,1.429973,0.03015,-65.96146877290933,61.84813834881761,2.2571929704886298
17676,236.817394,14.818429,0.057629,-91.4756028628753,-139.88203848479412,44.21701210181543
16885,168.19201,20.448224,0.042972,-118.23666784550784,24.718135272071127,45.03819736027016
12806,137.81045500000002,35.844257,0.055389,-99.80060630074773,90.46048540455095,97.30473498949664
14904,218.46952400000004,56.02302099999999,0.053065,-69.65628044490012,-55.34663962169188,132.01439354164373
10002,147.938309,6.938109,0.047851,-120.76699646334944,75.64451996037741,17.340789318407978
19729,143.95625900000002,49.690435,0.032741,-51.37814081418159,37.388365496454156,74.9009646198344
8619,206.358995,22.464542,0.032193,-79.97084890141895,-39.62656337399822,36.903956998578366
23646,251.246779,25.487278,0.034041,-29.636636186973114,-87.29059257253911,43.944617108992745
11077,137.36746000000002,24.648439,0.043306,-86.87321182094682,79.97511730374421,54.18221483259292
19817,150.4838,69.182731,0.022903,-21.249295033609847,12.030205236231547,64.2235805880422
11426,119.03103700000001,14.939454999999999,0.040838,-57.444384148663545,103.50014937070566,31.583888393014373
11260,6.326208,-10.622483,0.0566,165.87390143097122,18.389451221755365,-31.300429834606305
1088,169.33223700000002,17.516527,0.04607,-129.5233193380525,24.398216189866968,41.59856841774001
14526,1.42055,-10.217941999999999,0.038402,113.34399950095255,2.810744865287992,-20.43672983699505
22456,170.379173,56.469661,0.050577,-82.63413712982887,14.00741680944605,126.48196715791182
10397,140.96273300000001,20.354968,0.056739,-123.95775111138846,100.51257463998124,59.207477295095636
9455,197.93821499999999,48.259963,0.026434,-50.229029327898395,-16.26053903974818,59.17302330381597
24809,186.44341,0.677855,0.04017,-119.74037960534665,-13.522905791769803,1.4256966417866523
25921,121.342575,32.016693,0.037816,-50.034560712729416,82.15481123637893,60.14630852345921
28152,202.536669,-2.607377,0.020878999999999998,-57.79379494544005,-23.98231900193125,-2.8494578596699283
23697,179.499744,-3.4022050000000004,0.040756,-122.04785598293115,1.0656408599147142,-7.255968820728159
4868,10.807018,13.690419,0.058328,166.99718715642487,31.87761705335141,41.41445724432316
15178,207.95997,56.869829,0.047606,-68.94510189693575,-36.596996963157245,119.60022517411832
27320,246.68762200000003,47.803403,0.057698,-46.01044860295256,-106.77156639763547,128.2357362997943
7550,135.349018,58.015526,0.044231,-50.0015872925126,49.39609748954227,112.54909626484293
16500,152.056016,3.2521139999999997,0.039044,-103.30849126228739,54.80061101399029,6.644854370354167
21777,222.755521,-1.602848,0.059647000000000006,-131.33729020696128,-121.43041416344032,-5.005217096969663
16707,161.137544,17.330693,0.036788,-99.69586183671639,34.060554033153714,32.87592261198117
2201,222.677902,24.462670000000003,0.054241,-108.89102039318543,-100.40401061101035,67.3836408926899
25861,126.23985400000001,24.04374,0.042143,-68.25573715490496,93.12365654814472,51.51146452532398
26077,119.75491399999999,43.052928,0.041837,-45.51674123758527,79.62192835046606,85.68305499842982
3666,221.692414,15.813782000000002,0.041011,-88.3948439637404,-78.73594153772522,33.52793103956615
21461,195.227273,37.887309,0.043616,-99.6423037788344,-27.123152629074024,80.35511802683412
21625,185.34794,41.187264,0.038076,-85.58937890818362,-8.01212209434227,75.22167308466841
22700,152.41993300000001,50.877866999999995,0.058573,-98.27514710242569,51.33347941697865,136.32327869422454
4725,206.77459,41.563361,0.04156,-83.28653174023736,-42.024703436573915,82.71868187870527
25882,128.007077,29.195290000000004,0.046744,-75.37948844233841,96.45678553991694,68.40347264194882
24751,197.127319,2.702359,0.047045,-134.72605365772455,-41.51747425181959,6.6541733194606545
21104,182.02523200000002,22.445339999999998,0.048699,-134.944958987587,-4.771882455263224,55.780109274468174
8751,196.421478,36.529893,0.020096,-46.46807342253946,-13.695227817165055,35.885955908034965
27882,200.949532,64.902773,0.033402999999999995,-39.694498186167436,-15.197187544051143,90.74820100420331
7603,136.480793,58.678066,0.046767,-52.8883022477519,50.22283106697922,119.85351611850238
14628,228.73726000000002,44.268287,0.044501,-63.048596594183465,-71.86090635872696,93.18763659309204
18243,223.61652400000003,19.014426999999998,0.046297000000000005,-95.06679189099889,-90.58317709903768,45.251552318101595
11596,192.718752,13.58901,0.058566,-166.5890293949932,-37.599754366697205,41.28124223903797
5160,162.967503,35.967019,0.055979999999999995,-129.961358928598,39.813790154088395,98.63443059600607
20381,193.958194,14.791087,0.055191,-155.35939232807564,-38.615063686412306,42.27001775425908
3989,205.059315,20.051047,0.052498,-134.02153254332575,-62.664262395645636,53.99795430521375
1108,170.71836399999998,23.490713,0.050191,-136.28621289232058,22.272872834818465,60.01846082792427
6486,245.384612,8.248411,0.046667,-57.71067651085165,-125.96166013808411,20.085268056902503
1711,225.08851299999998,3.694464,0.058577,-123.81063740127581,-124.19376564171368,11.323383020144767
21412,199.36383999999998,38.092394,0.040066000000000004,-89.24665826502182,-31.365414120452765,74.15392093192995
18742,219.00506299999998,31.970084999999997,0.052944000000000005,-104.70601007193808,-84.80457598352918,84.0977976588509
22587,163.581204,60.947860999999996,0.0594,-83.00608877456263,24.459612387297412,155.7785498334498
12633,147.751527,29.717701,0.056665999999999994,-124.86501014438346,78.77930164311854,84.27259862058096
2853,141.127658,40.228413,0.022821,-40.69449044108609,32.803892755268286,44.21589574848858
16995,165.216265,30.237759000000004,0.041474000000000004,-103.93504987940186,27.42926255026857,62.65760166583688
15884,46.781295,-8.669516,0.024115,48.974732778009056,52.11868584490345,-10.90491449406484
4449,222.073775,36.957644,0.048336000000000004,-86.01052911652008,-77.64499665648361,87.18235738560239
14320,117.582527,52.401437,0.042436,-35.96498419313811,68.84579797660501,100.86675803728312
14430,340.622076,-1.030009,0.046252,130.8744011187568,-46.03148042737893,-2.494288970944572
22491,161.894417,52.90434499999999,0.049471,-85.08263905018597,27.81846963039969,118.37861229410616
18029,231.53234500000002,6.189148,0.048895,-90.71688676225257,-114.17900288653878,15.814265110981937
17723,239.03328599999998,9.968705,0.050076,-76.1313025957664,-126.87066002639999,26.006006489607127
3906,205.956927,20.143895999999998,0.057107000000000005,-144.61626868124392,-70.39953676387664,58.999365226634865
15977,172.764217,8.664152,0.038609,-113.59332787241406,14.422254956023291,17.448448465514037
4985,2.96442,13.849085999999998,0.03005,87.41217262990804,4.526648601648639,21.57878654040465
14258,128.95951200000002,55.235787,0.059582,-64.08501990101597,79.25285358984537,146.84082517526562
14939,224.18368199999998,59.087495,0.05341900000000001,-59.038584309416144,-57.3798083727514,137.4929423746772
23000,247.422386,19.839002999999998,0.035746,-38.72879501402354,-93.14251133464627,36.394253159489814
20607,181.12298700000002,17.337539000000003,0.045382,-129.93534854684466,-2.5470356808301338,40.571555593180854
10719,148.478036,22.730597,0.050185,-118.37121978552699,72.60040851308355,58.17424718223566
22426,182.322701,56.448813,0.047365,-78.46879061206488,-3.18277274484947,118.42089293082772
13184,251.060662,29.490091999999997,0.05185,-43.94540834350901,-128.06704579174,76.57307207954132
531,159.263273,4.593083999999999,0.05437,-152.05340221060888,57.56760394269672,13.061621357075705
5524,167.87616599999998,44.81073,0.050611,-105.31370857363896,22.623128925693223,107.006900305906
11603,186.61497,7.475847999999999,0.058934,-174.13212785853335,-20.193881594411035,23.003399696790286
4026,209.269078,26.877253999999997,0.058248,-135.96852798650806,-76.20551872801992,78.99837877181774
16288,162.160741,13.445395999999999,0.032332,-89.80175340230794,28.900078666034617,22.55337125504929
14303,123.95786499999998,56.635006000000004,0.055566,-51.21033516568622,76.04301111788945,139.22350820297058
6896,340.826348,13.665536999999999,0.038286,105.4154379247362,-36.65519317365937,27.135630166587337
23128,237.45935899999998,30.980240000000002,0.047748,-66.05895339215965,-103.52965869155233,73.73376420570946
19854,128.346657,53.744268000000005,0.021146,-23.275981603843555,29.423212085229665,51.1554798136537
12662,143.933599,28.110767,0.056886,-121.67619941495667,88.61856311228351,80.4102339994476
786,162.930249,9.55637,0.046389,-131.19025112628975,40.28358717797329,23.10420962715797
27682,236.869485,53.606587,0.043624,-42.439349330739276,-65.0261022634322,105.34698874106056
19785,123.873649,43.555143,0.036969,-44.79840172763522,66.73333187158391,76.42073193163262
4427,221.58479599999998,35.575844000000004,0.050112000000000004,-91.45870113436439,-81.15744463581157,87.46249517936359
17385,157.465708,29.041407,0.042555,-103.0919070489317,42.774371647481054,61.97389818445824
4194,202.43374599999999,26.685429,0.057164,-141.62974011434198,-58.47317824145117,77.01564909476144
23549,244.998583,32.368464,0.042805,-45.84054876707833,-98.2990269397743,68.74850992150046
16669,157.82340200000002,7.018366,0.031697,-87.39682229318589,35.62434805648912,11.618931086954943
27538,348.437848,-10.137125,0.059891999999999994,173.28204622950437,-35.45042352779617,-31.62380277916897
11577,192.450219,2.954043,0.055073000000000004,-161.119277441681,-35.572444685387985,8.514550885140553
21648,187.287716,41.911482,0.040465,-89.60965908177637,-11.459735361903178,81.08963860865921
12548,40.971740999999994,0.981851,0.056015999999999996,126.86316685934709,110.17066302886997,2.8796191061739167
13648,232.90479399999998,48.483726000000004,0.054024,-64.79343177470518,-85.6871749538935,121.3542435651818
5167,162.991517,35.785639,0.055914,-130.12237595589184,39.80346982704975,98.08786688128494
16125,172.467365,10.917124000000001,0.039165,-114.37300348767083,15.123771183192602,22.252250299861025
6249,148.388246,42.596131,0.043307,-81.44922884368579,50.13093575133258,87.93394476801701
9671,190.721678,58.719145999999995,0.034189,-52.326506434779944,-9.907702203971736,87.65707986448295
25094,140.57034099999998,17.726181,0.057451,-126.8057923936481,104.2694282184117,52.47603227593057
6626,254.132564,18.493641,0.05936,-46.17493919602752,-162.44874550877833,56.486869915647986
21980,234.35610699999998,2.7878580000000004,0.044419,-77.56303621059926,-108.1637431592443,6.481367801189436
7053,163.382592,56.309445999999994,0.040166,-64.04954514331499,19.115190023501814,100.25982885133942
9405,197.96919599999998,41.214551,0.029176,-62.63108549034744,-20.312852450878488,57.67049453238311
16116,174.795548,19.684086999999998,0.037906999999999996,-106.63417965440091,9.71282495080097,38.30507279601551
20977,193.490387,18.885753,0.057042999999999996,-157.4489958535361,-37.77222151902324,55.39140391099511
5635,159.613957,48.933471999999995,0.050891000000000006,-94.01435654727376,34.937559227410254,115.10739614478861
2177,221.075825,20.907697,0.050747,-107.2089062914477,-93.44466010715715,54.32925538095899
5681,159.102257,36.902734,0.04963,-111.22878913819983,42.469123989919204,89.4022487098549
23153,249.25463,22.960577,0.045734,-44.74873573694773,-118.14108350136733,53.52218085119259
4103,198.808596,22.864456,0.056446,-147.70054461169394,-50.30609543591681,65.79668781482432
19745,138.373874,52.39461,0.034933,-47.80263196359212,42.48015769035283,83.02514667831738
3097,127.714468,28.054787,0.026354000000000002,-42.68145145280399,55.194534582600646,37.184094692382125
28067,185.801269,0.419408,0.054616,-163.00448036925974,-16.561038835916897,1.1993649248088227
24703,190.145961,-0.557311,0.051829999999999994,-153.05123620497727,-27.389264338036494,-1.5124136832939572
25716,228.572827,42.834702,0.051534,-75.01487835664294,-85.00637257319212,105.11166943344452
13133,244.614005,29.448287,0.059198,-66.3001616419929,-139.71594443221042,87.31192515149976
25464,126.287071,17.524104,0.058237,-98.60070818644103,134.2921014800472,52.606704384565006
6996,159.373825,53.279777,0.043569,-73.14120837543341,27.530113983589853,104.77011172291446
24503,27.441654999999997,-9.809178999999999,0.040991,107.54064596587935,55.84300449992864,-20.9505857355432
86,28.668425,12.786603999999999,0.027214999999999996,69.85969770487971,38.19704398654713,18.069712014102652
28068,185.189941,0.722579,0.054203999999999995,-161.9324604777657,-14.708344065662956,2.0507077956000153
17955,229.49513199999998,9.142783999999999,0.055197,-106.18702939356159,-124.30764943005566,26.311639301747586
19444,156.355472,62.085576,0.030802999999999997,-39.62973980651946,17.350497330380158,81.65700978027566
9820,11.893529,-10.89839,0.056967,164.21594845868538,34.58635834408011,-32.31188464496094
14119,123.75745400000001,48.263712,0.047001,-52.159383325480604,78.04005320492716,105.21879506950133
7000,164.122931,54.022463,0.039804,-67.47454339485114,19.191436594962457,96.63384758498383
24608,207.209649,-1.67588,0.053479,-142.62191130713947,-73.32807119134634,-4.692052797580469
10151,154.290209,19.087972,0.059096,-150.95427614671775,72.6811602228719,57.97663672271548
7526,134.56416399999998,54.531452,0.044932,-54.88488828577336,55.72629872753135,109.78246801738479
490,162.353793,7.563629,0.052552,-148.93056051038073,47.3757837913007,20.751809372287333
15177,206.040717,57.453325,0.047677,-69.1370846506479,-33.78124999811714,120.56847695634977
22525,157.863008,55.560375,0.051814,-81.42816910088838,33.12580778266814,128.19652686255915
26560,195.408201,40.842515,0.047268,-103.42035767331524,-28.502639307276407,92.73728261731011
1643,218.787756,2.9495259999999996,0.059217,-138.29051073655972,-111.1397771051798,9.141246426631994
6572,246.32705499999997,23.727512,0.058421,-64.42230706556077,-146.94660228959535,70.52362438852738
2970,153.90821699999998,26.513067,0.032317,-77.91377725724017,38.15571099184732,43.2791108182202
727,158.25297,10.069527,0.057913,-158.8880282846351,63.380348718698166,30.37706347093496
14321,117.348148,52.264996000000004,0.042408999999999995,-35.770528996842806,69.16146688776348,100.61744521810729
16480,156.876691,6.983673,0.04203,-115.09983070662766,49.14959156910275,15.330842113074935
12086,209.707973,38.174824,0.052359,-107.25246224884428,-61.19550637741511,97.08348608168116
22969,231.680773,18.255785999999997,0.037092,-65.52309932926347,-82.90941697678151,34.85828749175218
27915,39.265827,-8.810656,0.052084000000000005,119.54559288350971,97.72792508477875,-23.933060497020143
13668,248.705543,43.971856,0.048837,-38.29213178982448,-98.24232112409268,101.72331150793984
21681,225.01697000000001,-1.418894,0.059541,-126.22940305693892,-126.3041990609322,-4.423034305232579
6477,243.92853399999998,6.992502,0.049055,-64.19675575942958,-131.20723442451748,17.91578660382685
24645,199.48103600000002,1.93993,0.055666999999999994,-157.35027975979781,-55.66205197183113,5.653267267566212
24378,185.824301,62.60106999999999,0.029431,-40.42120887298025,-4.123158250728885,78.38864259754948
2187,219.308898,23.770619,0.057471,-122.0860928762491,-99.95797482859105,69.4955521121938
7058,160.204025,54.529516,0.041701999999999996,-68.30679754141588,24.586539975936,101.88814797437297
22375,177.304812,52.222134000000004,0.058642999999999994,-107.655198350034,5.067828757781856,139.05282600830748
6430,142.158652,43.34596,0.052467999999999994,-90.39658377200213,70.22332272716908,108.04240743109739
6530,247.08852599999997,16.021960999999997,0.055638,-62.45690077599754,-147.77362793900994,46.069228636913934
18184,223.754543,10.336936,0.045629,-97.26995021137381,-93.13050164481217,24.562516529510933
26039,123.663918,41.637209999999996,0.040319,-50.110142683862684,75.23959256345844,80.36524846031207
27839,225.31930099999997,61.965681999999994,0.037852,-37.52834859243893,-37.948977044477914,100.232047415994
14426,341.570331,0.609826,0.043431,123.60358777565337,-41.18854063953131,1.3867436576508179
23669,258.17652999999996,32.914586,0.041506,-21.41799986193482,-102.31279617796395,67.6616090863982
16185,170.193279,16.679445,0.039362,-111.46471078394887,19.266764275968455,33.89267531760956
12897,137.646678,39.473625,0.048919,-83.71757722749025,76.3196745242418,93.29679304602601
27841,210.39371400000002,60.327723,0.036441,-46.68144526261787,-27.380957339945365,94.9876000978091
5916,158.728359,39.172135,0.053588,-116.1414721333954,45.21545715521937,101.54695751686633
27831,220.334885,57.261596,0.038597,-47.7338233835643,-40.5312175045999,97.39742395865252
20770,188.762586,5.150882,0.03766,-111.2103867867911,-17.141924497791546,10.143209316795897
4294,199.93632,32.106574,0.051035000000000004,-121.91726962535488,-44.22086665654079,81.37466033258121
13289,243.525756,32.131343,0.049865,-56.474127334666015,-113.39720287459865,79.56388217655702
4093,198.851752,20.22814,0.053381,-142.20531603208298,-48.55401420208499,55.370897103795706
20869,181.898131,12.018189999999999,0.031416,-92.13164874356137,-3.0533129089816624,19.624527614005803
3238,209.222751,10.395888000000001,0.057098,-147.0391038718187,-82.25401764408235,30.90975493237538
27769,259.550811,56.084993000000004,0.042649,-12.947471414632933,-70.20571022497575,106.17888700101352
21722,211.80449,0.517858,0.05980800000000001,-152.47750849759572,-94.55660401263113,1.6216707323353738
13846,132.91663300000002,43.092051,0.051502,-76.8291123652824,82.6298544561006,105.55424520940142
20494,193.728831,18.063917,0.047951,-132.85532420166606,-32.45747068509678,44.605616653021265
18367,232.15974,15.296771,0.039074,-69.36360535574694,-89.29339272465089,30.925354513302803
26010,124.39223899999999,31.23384,0.046826,-67.84863653262877,99.11923339398696,72.84235427312582
21064,185.991027,19.37603,0.051908,-146.10167933307886,-15.332772147236186,51.66400652616035
18386,234.03495499999997,18.699468,0.05445,-90.87003144991867,-125.23246445329036,52.370695348125345
13626,237.00542000000002,45.349537,0.053716,-61.67224304370892,-94.9865966551122,114.6418719222463
6191,151.762138,37.397197999999996,0.044874000000000004,-94.22170768384088,50.601429105722545,81.76092011223565
9454,200.861351,46.563623,0.024207,-46.657275122447714,-17.7806280370407,52.73288903290454
9636,188.388897,58.489463,0.033301,-51.65617227999195,-7.61769175601023,85.17170919202105
21150,190.78566999999998,26.685129999999997,0.052184,-137.406267731409,-26.176032465506058,70.3054878120415
2944,145.489441,18.024985,0.033122000000000006,-77.86122824324947,53.53366907386808,30.746989575277027
23337,240.04520699999998,27.047314,0.039554,-52.769816197934915,-91.56677456776855,53.95871141615245
16264,180.899485,18.929813,0.028749,-81.572423234512,-1.2807086338300184,27.979359571742876
21502,187.78295400000002,34.729082,0.047416,-115.83029836889487,-15.83167146709621,81.03822346479913
19394,173.739903,54.855593000000006,0.032705,-56.142063082117296,6.158568437126426,80.22900979501611
4993,176.899144,30.420447999999997,0.05972,-154.2693807754143,8.357242560120948,90.71615210072311
13369,249.63251499999998,36.018925,0.046693,-39.43262520688797,-106.21559077181696,82.37379794137829
660,155.88265900000002,5.264374,0.045889,-125.12012379541075,56.01438819214014,12.631145074035253
7244,169.221948,64.854089,0.041944999999999996,-52.52715288222338,9.999238318420613,113.90944064536073
22946,239.40089,12.895296,0.04055,-60.36152732850748,-102.0693872095477,27.1486410937503
20608,182.446024,19.409321,0.04854,-137.21907441864,-5.861604588475712,48.39164811555917
26619,182.03526499999998,38.595928,0.04863,-113.95055980827718,-4.049463749280043,91.00969103740275
28006,193.15079599999999,-3.2950190000000004,0.057035,-166.34226111617335,-38.86454681549961,-9.834642473656627
15980,173.345241,10.414653,0.038593999999999996,-113.10728931844412,13.196518650934063,20.929990982542808
14291,132.485042,60.465141,0.054176,-54.111962378453285,59.08380457425292,141.4084521822665
27728,230.797064,52.244783,0.039439999999999996,-45.790913854813404,-56.13933377892807,93.54779426153864
5039,171.22482,31.576095000000002,0.058953,-148.91051728907232,22.98651786499235,92.60876696157487
12948,132.172998,33.560272,0.049769,-83.53084228519198,92.20897488162757,82.53898222903992
15652,205.277802,65.857298,0.055251,-61.30326718234076,-28.948869432945354,151.25451861126277
11719,311.42382599999996,-5.758553,0.053196,105.05436833683065,-119.060945698882,-16.012515312635355
12069,209.01632,37.598832,0.053488,-111.17805614560596,-61.668407260883995,97.90374187736768
24893,191.52723999999998,2.225305,0.039312,-115.47006257288852,-23.54982531484177,4.579352907741797
24579,140.073646,0.424926,0.040954000000000004,-94.21659411653839,78.85096186939803,0.9111801963407099
7878,180.02193300000002,68.561764,0.050318,-55.17338673165822,-0.021120542570158028,140.50981128192282
23516,245.93343199999998,25.079607,0.033916,-37.58067153286931,-84.14433188492438,43.12864526945268
21551,190.09183000000002,40.25496,0.044919,-101.25220539867958,-18.020869149098083,87.07863243077884
22965,233.77230899999998,13.753935,0.035878,-61.78721615642264,-84.33597266189358,25.590263594028176
5322,159.017947,36.159071999999995,0.057477999999999994,-129.98878792858673,49.85130961325261,101.74107478644265
24726,184.51204099999998,2.524781,0.05291900000000001,-158.11135019522263,-12.477067400322198,6.993481073936077
4002,204.302565,22.184014,0.05483,-138.8164786044163,-62.685525012419504,62.10853662570831
3865,211.291883,23.831088,0.037635,-88.25506979641096,-53.64280001038993,45.618326221771234
15307,188.526777,59.254503,0.040018,-60.69627714591339,-9.100121213521305,103.18000121402252
18912,162.495847,1.3774950000000001,0.059179999999999996,-169.27010566196012,53.384148641981845,4.267974104846502
15136,211.066998,61.233833,0.040982,-50.67954237641736,-30.532054697683527,107.77335726632339
14461,0.20997600000000002,-9.874858999999999,0.036767,108.66612484954219,0.3982384143379719,-18.91627123269964
24802,188.991116,1.7928099999999998,0.043207,-127.96562234709174,-20.24742451751918,4.055235964633946
1104,171.710003,22.510655,0.049333999999999996,-135.29683574989036,19.713550848694712,56.66334046809378
13370,249.503185,36.347124,0.046647,-39.467487312934814,-105.57848111127538,82.93964825365127
4388,214.47409,26.249740000000003,0.043623,-96.76030049760047,-66.4371070736566,57.881345978627216
4107,204.250395,20.817938,0.053459000000000007,-136.67881476434363,-61.57045013708383,56.99792446687086
24850,218.526452,-2.6453759999999997,0.038106,-89.33802849908267,-71.13004294798611,-5.276246593435693
14388,333.116675,-7.594847,0.046978,124.60040550120472,-63.16780396572866,-18.62685821824564
12097,210.36624500000002,40.865387,0.05341,-104.55012739721755,-61.25642826088568,104.83593733994344
25077,140.777854,17.604248000000002,0.058914999999999995,-130.51196741669554,106.52699026203388,53.454856951786226
13396,251.18461800000003,40.1299,0.048888,-36.16644383349663,-106.14481385389715,94.52828004549781
20952,191.244493,23.363982,0.039484,-106.65206317479922,-21.203758094436893,46.97461407219049
11940,197.892447,36.159141999999996,0.052349,-120.66426797794449,-38.95593142476413,92.66245220787042
26565,194.752456,42.788567,0.048395999999999995,-103.03608658429326,-27.131860601460897,98.62546499609984
3534,209.910479,7.2125699999999995,0.046225,-119.25310707200883,-68.60260334283893,17.410769461948075
23364,233.69815,26.586406,0.037623000000000004,-59.757051880118816,-81.34386340161848,50.514174233531975
11433,120.417326,15.735064999999999,0.052118,-76.19469054145863,129.78077311766236,42.40157282782315
5011,177.56886799999998,36.313654,0.05828099999999999,-140.75944002695115,5.9761870715990035,103.54293737568196
12030,198.59018600000002,40.623404,0.058147000000000004,-125.49334637249763,-42.20924861550581,113.57579772357647
17880,239.96908599999998,25.217334,0.05992000000000001,-81.39025279508647,-140.79656027140877,76.58728984427827
16895,166.133848,25.001793,0.044501,-117.46709127698051,28.996532145937955,56.42459215125188
721,160.901253,10.772147,0.055288,-153.97225865853983,53.31390403695611,31.0006079928433
16773,151.231703,18.703454,0.032952999999999996,-82.08085969950875,45.06520890640879,31.701124557518355
16226,160.555142,10.062638,0.0314,-87.4606523257091,30.876745353216474,16.45906714106415
13891,130.055326,47.646978000000004,0.050677,-65.91182679984577,78.39679287194373,112.35212021275204
20544,188.098683,15.0716,0.049871,-143.02577780910266,-20.352228382396728,38.903257588175734
16303,161.797627,13.626495000000002,0.032284,-89.41568587963617,29.40248536334353,22.81751250975013
15672,196.223774,60.627329,0.04995,-70.57273380830935,-20.535033084344136,130.58646238812966
12671,143.200616,27.890618,0.057490999999999993,-122.06360929709363,91.31319970225516,80.68029855238846
7513,137.60251599999998,55.441277,0.044400999999999996,-55.79953949059822,50.94748812866857,109.6986966878656
14970,223.823279,61.248752,0.054715,-56.964396842300495,-54.671338129873654,143.90859357412236
524,160.207186,4.753493,0.056227,-158.1699632128363,56.922282880860124,13.97841943430494
6557,250.995064,19.925194,0.05911,-54.29058870602311,-157.6272034474703,60.432818991697246
16616,151.46749499999999,16.722676999999997,0.041227,-104.06412895587899,56.578677425340196,35.58792051319506
25918,114.8802,29.015118,0.039214,-43.28263458039409,93.32889292432627,57.06112032986836
6717,248.390587,15.198906,0.053413999999999996,-56.94928753533604,-143.76846933340326,42.01076574817343
18387,231.39157200000002,19.727988,0.054388,-95.83758442848722,-120.01745614782682,55.07684201837515
3033,137.15846200000001,26.088154,0.026001999999999997,-51.36958835849304,47.637983061768,34.30341087538787
23729,166.853904,0.384475,0.049763,-145.37335565039658,33.95275298944411,1.0017746159230452
10345,146.699783,20.741893,0.054469000000000004,-127.72427728107607,83.89986096087594,57.872013726606106
23231,248.94579199999998,31.057074,0.044127,-40.74075504206438,-105.83390182557055,68.29425498515963
9006,237.644008,31.543747999999997,0.033975,-46.48806571642927,-73.37798678175402,53.32200696524547
27409,131.118974,0.822973,0.031175,-61.4980111184795,70.44938449660552,1.3433084235607624
14035,129.010391,54.111819999999994,0.046662999999999996,-51.65503409483519,63.765006065958225,113.41385089604232
1435,155.173768,16.716516,0.05131,-133.80064208768985,61.89892953885598,44.275903140033854
7752,166.702898,63.455998,0.055423,-72.31108868459886,17.089755221621356,148.74282194685276
11132,141.062368,32.195144,0.0473,-93.40283817645157,75.46793258758237,75.60496657984665
12502,46.216875,0.036291000000000004,0.052875,109.75746431931147,114.52152442418523,0.10047266201805158
819,160.58918500000001,9.823375,0.050431000000000004,-140.60137889348687,49.54339437144552,25.812326055696023
21430,205.444159,37.159135,0.040851,-88.19640098596646,-41.96206159054842,74.02579313451247
6177,154.2169,44.760505,0.046613,-89.40859970411903,43.18927549386521,98.4669218685322
14151,115.46337700000001,47.973843,0.045104000000000005,-38.9465668566521,81.78767294903803,100.51506766481094
22624,159.066279,45.689398,0.055582000000000006,-108.79169599716155,41.61689061232356,119.31734917363477
14382,342.080088,0.863692,0.038957,111.18866511417866,-35.95563768166781,1.7616781861781061
5265,159.271377,36.093235,0.057829,-131.1130778883273,49.618369669522444,102.20135697234178
5049,170.61461699999998,32.922278999999996,0.056930999999999995,-141.445997088289,23.379160612072283,92.82614720958021
9742,3.048559,-10.204082000000001,0.038078,112.2680549901993,5.979133837402216,-20.23710807581011
1029,177.814142,21.025579999999998,0.048966,-137.01780874719975,5.2298243285749235,52.70475716297372
18061,228.105931,12.934641000000001,0.049879,-97.38554059403933,-108.56056419459225,33.494658588475545
17785,236.739429,22.203346,0.059868,-91.19919660887093,-139.04593722125796,67.87142768616623
23959,234.26307400000002,9.510015,0.021203,-36.64117000233285,-50.92229759428817,10.509479034609528
2709,181.270188,29.824817,0.029162,-75.87983934638962,-1.6824529597239015,43.51114258215266
1362,156.952733,19.826948,0.056222,-146.00319938479421,62.11688064280462,57.20820277382948
14722,219.42731400000002,44.368344,0.043073,-71.35205485229373,-58.66622612966921,90.35877456593678
17754,244.66391099999998,18.327953,0.059076,-71.99345493135581,-152.05537028612008,55.73034001509178
9760,14.844885000000001,-10.277652999999999,0.037273,106.3525295305527,28.18870053488392,-19.950573565879086
27827,260.999056,64.066263,0.058910000000000004,-12.092011347264707,-76.33781470724972,158.93336404700943
15603,208.308043,61.531696,0.057210000000000004,-72.02755654562536,-38.79588675445555,150.87666210849912
5903,160.245914,40.945683,0.052405999999999994,-111.7633515309272,40.13614138489896,103.03175691652447
546,160.647743,6.029358,0.052634,-148.15626765694904,52.03533397862516,16.58571601395019
22672,158.760743,50.94097,0.051557000000000006,-90.84141591333085,35.30668740022331,120.10159541273445
10730,148.25038500000002,23.077368,0.048759,-114.43355490188387,70.81256907142719,57.336744789200225
13267,240.413454,31.322653999999996,0.049655,-62.83002112258806,-110.66133446177773,77.44048505706628
21961,229.93516200000002,-2.314814,0.048007999999999995,-92.62598960564071,-110.13400657266538,-5.81714894323883
23999,231.86426400000002,23.190012,0.02016,-34.33043761068194,-43.727035203127414,23.815915808625363
4382,215.70257400000003,26.103173,0.043047,-94.17350077149419,-67.67694058625727,56.82060670501145
3288,211.580663,14.414893,0.051174000000000004,-126.66862395117072,-77.86813985116754,38.21801913281119
26175,115.51139099999999,29.093509,0.059329999999999994,-66.98638529508872,140.36805224197522,86.54521474288472
19391,152.2761,50.342232,0.039566000000000004,-67.05664080545402,35.241212907053914,91.38204988250163
25411,130.31407099999998,22.735794,0.053777,-96.26699635061433,113.45764846329756,62.35157560005682
21348,198.878107,33.71622,0.047494,-112.14100997705673,-38.34658310803614,79.08889788879436
13903,124.27298700000001,47.387549,0.050325,-57.56127837632431,84.46719560512628,111.11004780526663
27962,204.432817,-1.856093,0.05859299999999999,-159.95347875571903,-72.66861223608764,-5.693353196918807
8543,197.68143700000002,10.352029,0.024863,-69.90862683553691,-22.28573510279671,13.403313989369366
8403,231.727381,21.670655,0.031013,-53.55562873582819,-67.87985644236937,34.356589485475126
25422,131.50115300000002,26.920821000000004,0.05248,-93.01986244705438,105.1355650690601,71.28233826089395
25267,126.724841,8.506785,0.058315,-103.46142711751835,138.67863257155523,25.879006779434533
17041,171.325175,31.840965,0.031575,-79.54981548611316,12.137063156416698,49.97343473349118
26645,185.422495,40.216132,0.047135,-107.49566325664357,-10.203914673764984,91.30135010691141
19603,130.663626,32.817802,0.036525,-60.00521670798894,69.8521506963383,59.38629164986926
4363,222.74292200000002,24.978328,0.043792000000000005,-87.45904643304344,-80.82627685268916,55.47685592348575
21851,234.689941,1.231179,0.057370000000000004,-99.45676870419567,-140.41555391571927,3.6980369741072354
58,39.545189,0.577864,0.025141999999999998,58.15974042282048,48.020281097191145,0.7607057886506506
194,180.50616000000002,16.251356,0.049595,-142.8344584482198,-1.2618550773962574,41.63774041140336
6890,336.198656,13.10896,0.037697,100.77618932600754,-44.45041927674725,25.649447792302762
23454,238.89376099999998,34.085749,0.039195999999999995,-50.31237698414699,-83.38325030787058,65.90019752853608
18463,238.63799500000002,22.438526,0.049782,-71.84147532999653,-117.87092529605654,57.004167463975456
13488,237.66331200000002,40.877016999999995,0.050209,-60.91981651940714,-96.22914192526632,98.57596729714965
6740,247.80731600000001,21.217451999999998,0.049283999999999994,-52.06136705085104,-127.61906409036818,53.50890061938347
9597,200.419852,50.634067,0.030956,-55.20204834596303,-20.55123245984179,71.79725709796656
9479,183.642062,51.501670000000004,0.023484,-43.767221349958184,-2.7858592535644804,55.13758815475241
12797,142.916113,38.546437,0.05396,-101.00109616516114,76.3418880028793,100.87531466910875
3536,211.32946099999998,7.78326,0.045061000000000004,-114.40838777455104,-69.6419903285456,18.307306708162365
13725,255.838479,39.845645000000005,0.049388999999999995,-27.83177170779626,-110.30153129618594,94.9337904348163
20243,186.117301,3.496679,0.048757,-145.16734834226878,-15.558250824217756,8.921168508952208
7028,165.16921200000002,56.59024399999999,0.03967,-63.3465744953118,16.773307720509575,99.34408763395538
3106,122.995521,25.650169,0.026923000000000002,-39.650135926537935,61.066305642880984,34.96290029641861
1253,170.732319,26.622983,0.048215,-127.62104313994779,20.824836097845132,64.81798804629373
24243,189.78033,52.344637,0.023221000000000002,-41.93932994652646,-7.229353427054244,55.15217694400765
23546,244.025727,31.227394,0.042681000000000004,-47.95380021083995,-98.43201243822061,66.38208961535358
24160,243.483921,42.738616,0.041387,-40.71210802231975,-81.59850245286613,84.26246245409975
9659,186.246139,61.288038,0.032133999999999996,-46.03723427732565,-5.038757648905132,84.54897743586393
15380,194.465439,61.104091000000004,0.049992,-70.17393163186269,-18.10305947624112,131.30384279573212
22808,155.59978600000002,59.946536,0.056975,-77.95492535768143,35.3622735275427,147.94558069926106
6084,149.547957,41.206996000000004,0.051274,-99.76167294329788,58.65169763026976,101.33506135904726
1627,11.339932000000001,-0.9413459999999999,0.058588999999999995,172.3123925725143,34.55631832728705,-2.8876493206271494
3854,211.70283700000002,19.1045,0.041301,-99.60891474518895,-61.52653329225002,40.55247481132714
10827,140.49586000000002,22.381548000000002,0.051061,-109.28911701262238,90.10425954019556,58.327890449718886
21917,227.009438,0.230683,0.049512,-101.28259175475638,-108.64815811909283,0.5980307416491951
5863,154.891387,37.843965000000004,0.049974,-107.20371367428214,50.23754205044627,91.97912386608266
21083,186.868708,23.295187,0.053502999999999995,-146.36615058677083,-17.63114750189631,63.476229260858716
1624,4.490598,0.33205500000000004,0.059802,178.85225496423624,14.04644741634103,1.0397332291534518
13480,236.908338,40.91281,0.043886,-54.32221958765753,-83.356630032773,86.22411294208673
7533,134.628076,55.958403000000004,0.039057999999999995,-46.07947050935289,46.68161887500194,97.09405302482092
25434,129.935215,27.513536,0.05204500000000001,-88.89091260955547,106.17965476067677,72.12783648040381
15835,56.461470999999996,-7.108541000000001,0.055615,91.47291167675323,137.99877946645407,-20.646968788320567
1617,156.332029,28.771399,0.05237000000000001,-126.13076380087965,55.28345983271237,75.61958471144622
14897,215.949433,54.789519999999996,0.056571,-79.21581265067796,-57.446908012665446,138.66221603189908
17567,156.868896,38.311401000000004,0.040589,-87.86383990484336,37.533493034905455,75.48764684883716
445,168.11248799999998,16.045845,0.04388,-123.79824013479121,26.06020142494735,36.38614078491626
27137,314.552107,-6.504944999999999,0.028406,59.40044516018239,-60.33647256358431,-9.654259026771673
17441,151.776557,31.284303,0.049224000000000004,-111.1966654025262,59.68171929021769,76.68385468873028
17144,176.819651,39.698215999999995,0.037445,-86.29961391362882,4.795206951465695,71.7532915875726
4768,10.28496,1.037476,0.044703,131.9324966647803,23.940424168397247,2.4282288679114408
5161,163.415644,35.965,0.056103,-130.55835213687027,38.88232273638404,98.8463512069548
2918,130.900382,1.527312,0.027007999999999997,-53.03128105531017,61.22016057714541,2.159570452944409
10631,137.279992,8.085794,0.043526999999999996,-94.98122175279181,87.70757947493507,18.36696975537682
3984,206.76351,19.052601,0.052023,-131.71608362424706,-66.42932459910186,50.946549529850536
9528,212.845539,53.037177,0.031798,-48.19026991919769,-31.11074705692267,76.22227062135481
4565,213.081167,30.44615,0.039993,-86.66765503927985,-56.45734863884939,60.79675810159455
12038,197.48066599999999,45.253103,0.059801,-120.46292299814377,-37.93712815760012,127.41622698423113
19895,150.601833,69.309765,0.027981,-25.839234634070625,14.558571367684879,78.52903413551876
5023,171.094679,27.861428000000004,0.057776999999999995,-151.3913324195265,23.72165453171913,81.00359952198542
7201,180.120668,60.533815000000004,0.037187,-54.87782806924562,-0.11557583480483286,97.13015674664962
822,160.310075,10.332983,0.048808,-135.62669772915677,48.534483705728576,26.26386358672888
24776,197.321705,2.72213,0.043656,-124.8872682843536,-38.94995845918323,6.219966278026426
26248,183.75774199999998,21.933657999999998,0.059288,-164.6349522413981,-10.81308666904609,66.43803242992881
16207,165.587726,6.772892999999999,0.033088,-95.4692262018965,24.53413207381839,11.70661811948912
6544,249.031741,17.181239,0.057135000000000005,-58.600227081764565,-152.91195392699328,50.632220543787376
2289,175.18629099999998,8.491308,0.059923000000000004,-177.17129277749603,14.920180179768765,26.5445775998418
2911,129.336493,7.108642999999999,0.021634999999999998,-40.82532370641705,49.81403244535381,8.032069521580254
13116,248.984043,25.591456,0.059191999999999995,-57.43614832537261,-149.50181881527368,76.70417728175485
25296,124.93083200000001,12.434357,0.058442999999999995,-98.03628827352749,140.370689585166,37.75200561473231
19249,176.138506,53.638518999999995,0.03544,-62.89164645899529,4.24506108283092,85.61870509462157
12425,213.85627999999997,51.961461,0.057851,-88.80854712010698,-59.578551847665075,136.6897286819709
6208,151.243759,40.248809,0.047636000000000005,-95.62233087483534,52.47375866833097,92.33401839669536
22302,165.21038000000001,43.456509000000004,0.058098000000000004,-122.32780033350528,32.29669154213244,119.88007097511421
23876,357.81374,15.825673000000002,0.05311799999999999,153.2022309505188,-5.848643013243071,43.457647459193446
5401,176.086186,42.520361,0.047931,-105.73362831276499,7.233806888009907,97.18281088096313
16590,152.489078,16.455211,0.045409,-115.87410511499583,60.348318166506544,38.58844110965086
22149,36.0194,-0.222144,0.054938,133.30351597386647,96.91965175483757,-0.6390060454597901
9775,17.091525,-9.272178,0.03889,110.0603653611307,33.84116976543595,-18.798406993183313
22773,146.447439,51.267245,0.058696000000000005,-91.81860904457962,60.89461710073954,137.36146615871922
19354,158.164457,45.816728999999995,0.039054000000000005,-75.79829006926622,30.371709757524805,84.0185260105178
11862,200.367187,30.482844,0.059028,-143.06683627864243,-53.112833673732275,89.83123238810975
18967,167.40735800000002,15.450428,0.059287,-167.3094670564627,37.37553773671318,47.38297936151703
22778,143.13913200000002,49.609027000000005,0.05776900000000001,-89.85295464826565,67.36759272498286,131.9976145254813
18314,225.34013900000002,9.106535000000001,0.039216,-81.65207650051002,-82.62734018348691,18.620229895390324
16165,168.662731,17.053753,0.043185,-121.44162102688843,24.348588913987285,37.994432819286466
2740,167.758381,33.792778000000006,0.025329,-61.71346312808765,13.389853868125527,42.26327544249748
25628,225.90926800000003,40.613253,0.058798,-93.1701926959269,-96.1753050829038,114.82364356357198
22772,147.184875,50.743029,0.058829,-93.85925496870607,60.52323570186571,136.65664771936943
7898,156.04134,65.686139,0.048679,-54.94776769982837,24.416832812856594,133.0840579077551
24361,207.846912,61.955575,0.027016000000000002,-33.69257767169382,-17.7993512160692,71.5316126626815
21739,211.84219700000003,0.59031,0.059912,-152.67841412050132,-94.82036985490146,1.8517608453547525
10382,146.24004399999998,18.456366,0.057003,-134.8596484611785,90.14423639459537,54.13843313915414
12557,46.09915,-0.045118,0.055144000000000006,114.71258407706087,119.20047276715377,-0.13027068080832044
16402,162.95779299999998,8.215598,0.039504000000000004,-112.14519491201213,34.37658094745927,16.935172999104363
20332,181.192616,8.240832000000001,0.040755,-120.97632024830507,-2.5184950272768165,17.524763820865406
11827,205.323105,31.545434999999998,0.057998,-134.03372466116423,-63.42359137198093,91.0292301787464
23715,174.511207,-0.793641,0.039967,-119.33979545266206,11.467556584903088,-1.6607734008072264
23763,163.352976,0.198844,0.043192,-124.14443463444202,37.1200337270208,0.44969033744122905
17929,240.645628,27.658131,0.058615999999999994,-76.35232801080123,-135.7562221797522,81.62774804447787
11234,219.869531,32.238545,0.058301,-113.54408528435481,-94.83504283490055,93.30120447476408
22248,29.938596,-1.1238860000000002,0.058299000000000004,151.52972018648705,87.26933228235687,-3.4304740483685676
15554,199.108101,60.218385999999995,0.05246699999999999,-73.87283226130275,-25.59245955637979,136.61224494366706
5973,155.269345,35.732715,0.052868,-116.93874606072487,53.861634205676516,92.62549782019636
22013,227.102455,-0.21440700000000001,0.043773,-89.38683602203173,-96.19995750734749,-0.4914087452833412
26971,191.021492,52.553906000000005,0.059539,-106.5986685060424,-20.76218179551817,141.80863291361618
13878,125.704509,42.625427,0.04811,-61.97742040628667,86.23638529060021,97.74064718321418
9432,189.40208,43.767378,0.030642000000000003,-65.49294883391526,-10.844730127282709,63.58816680408836
14706,230.88944500000002,52.22455,0.046313,-53.68876102195799,-66.03914522123236,109.81982498336112
9393,195.453081,36.901298,0.032148,-74.33538220554952,-20.549486625914824,57.90867541022003
13922,134.555174,46.387917,0.053908000000000005,-78.26492211077726,79.48970287714386,117.09244757667916
305,174.96205700000002,14.271583999999999,0.044414999999999996,-128.63393703536894,11.3398535401194,32.84734372014527
23912,132.486704,60.442108999999995,0.039542,-39.52453056843036,43.15355678173597,103.18774101815924
10158,154.563548,15.714879000000002,0.057416999999999996,-149.73900956661402,71.21808888878122,46.65425843413566
6242,153.82523899999998,46.683415999999994,0.042767,-78.9921803080895,38.825759412876046,93.34850002644788
4350,210.96192200000002,29.190562,0.046951,-105.44365260303572,-63.26160007139081,68.69624219080492
5420,174.677075,40.87045,0.044219999999999995,-99.88370633429174,9.306241853844439,86.80619028319765
12453,214.534655,54.764278000000004,0.058477999999999995,-83.3793938018342,-57.37935368576092,143.29192166986599
21363,199.20474099999998,36.272026000000004,0.048617,-111.04374042830997,-38.67982471486571,86.28831365090744
12260,209.756593,42.656564,0.046207,-88.50343038255959,-50.59738958006622,93.92991333543554
15570,198.639124,62.490841,0.05230800000000001,-68.6800528351492,-23.165612575189662,139.18170322487558
25593,225.11906499999998,34.141754999999996,0.051654,-90.5009980433237,-90.87791780750031,86.97123002542583
15288,202.542637,64.132324,0.040609,-49.091279521063115,-20.37708637496046,109.62042945934964
8962,229.88631099999998,30.110914,0.041317,-69.08545405172342,-82.00184245735436,62.18318320146088
19270,170.67339199999998,55.847903,0.035855,-59.587826665395355,9.78629748360525,89.01543978354081
23204,246.95916400000002,28.555438,0.046917,-48.386930680728575,-113.76695601056525,67.28022488360514
19453,173.845663,60.19116700000001,0.033897000000000004,-50.26004084151373,5.419462745724325,88.23614451661564
5848,158.645553,40.235929999999996,0.048897,-104.29450916990913,40.776946709622386,94.75307623000087
7625,134.814639,59.194863,0.047651,-51.59888767682661,51.933833738999745,122.78433089235843
21311,185.67996499999998,30.959739000000003,0.041483,-106.19466351548387,-10.56213411964052,64.02099940388219
17902,242.94078199999998,29.044024,0.059485,-70.97238967613566,-138.93597872486626,86.63660164400648
17939,239.934062,29.17515,0.056177,-73.72164700547283,-127.35094732974859,82.15566284813272
20317,189.14838799999998,7.953676,0.042547,-124.80513824244836,-20.098664782603677,17.661993750420194
27362,257.627483,59.643806000000005,0.058052,-18.8584683098341,-85.96983551123792,150.27926633829992
284,175.662897,15.206407999999998,0.046708,-134.83064765465392,10.225777454974802,36.754119557784215
7483,144.513744,58.708597,0.041076,-52.11515791213493,37.1545223248332,105.30285737152015
19097,163.926415,47.321265000000004,0.02684,-52.44961410841792,15.11261141757766,59.195585612605846
9976,149.121842,3.040522,0.052903,-136.0219316336236,81.33703588511403,8.418277085098396
15343,191.971312,56.641653000000005,0.045357999999999996,-73.19621732555508,-15.52003517660995,113.65551351934889
3949,211.491952,19.801498000000002,0.056153999999999996,-135.15609003271993,-82.79764698299255,57.06861155790494
24806,183.6503,2.660362,0.044139,-132.0059288204233,-8.421462344223768,6.146187211772502
12087,209.334646,38.684796999999996,0.051432000000000005,-104.99887729328702,-59.00613614283634,96.44048569269198
12772,143.740374,34.584063,0.05759500000000001,-114.70495250255466,84.13478622792022,98.07531719433213
14762,218.46604,55.17451,0.050005,-67.07794456164616,-53.29132324930379,123.14659737371123
22155,32.702763,-0.9008459999999999,0.055994,141.33681637236998,90.74624862873647,-2.6410266061742096
17960,231.75308700000002,6.599569,0.05196900000000001,-95.87494288603847,-121.6302635881442,17.918341303743023
16415,159.317968,3.8234150000000002,0.039031,-109.30310378525732,41.26303395867538,7.807956226469903
28064,181.695447,-2.334017,0.052921,-158.56184251571128,-4.693394462613617,-6.465625680556729
5427,172.758777,41.009015000000005,0.044297,-99.48058256025473,12.640043040970449,87.20011976135561
21079,182.069348,18.866234,0.053065,-150.54418104515548,-5.439559933714575,51.47726455602482
22483,158.87367700000001,50.478041,0.051701,-92.06944637113921,35.575248111693625,119.64346775191429
12382,207.13114299999998,51.067769,0.050371,-84.51065727209584,-43.304268791636474,117.54925725354481
11305,123.162872,4.138847,0.036275999999999996,-59.375935666421114,90.86439550841527,7.854519503273354
23017,244.294713,18.471662,0.047345,-58.43263606070566,-121.38538403783501,45.00174229943134
11016,145.72931599999998,25.709642000000002,0.042683,-95.34241526252785,64.96672764964238,55.549028356982895
13022,138.70096,36.701959,0.05712999999999999,-103.23484684217617,90.69096432941828,102.4316722819295
8918,220.878457,31.117157000000002,0.038758,-75.26488327243443,-65.14696948618557,60.08920692397949
23142,245.04670099999998,31.576667999999998,0.046591,-50.23665814103521,-107.96252226243841,73.19059703645853
5493,161.638553,37.153246,0.045776,-103.88109654581805,34.47902456706723,82.93909952092564
23696,180.07216,-2.122887,0.040755,-122.18098976912343,-0.1538784349943482,-4.52904906846868
10201,152.604998,18.101584,0.058899,-149.11689863155203,77.27835664162049,54.90023630439075
24926,189.101574,1.211725,0.036952,-109.4357854238474,-17.53185634066944,2.3442734302459454
16809,145.161691,17.351097,0.033809,-79.459797597399,55.30482651797185,30.24819099710628
14677,224.50161699999998,53.126349,0.053703999999999995,-68.95203352114392,-67.76279990021168,128.88326721100347
24058,244.00581699999998,28.400796999999997,0.023306999999999998,-26.95660001129088,-55.28346508617093,33.25697588322473
15750,186.31173700000002,66.270237,0.049697000000000005,-59.63402460622314,-6.596022770183198,136.48590357205245
25108,135.284754,1.7752130000000002,0.049949,-106.432012400301,105.37932366318493,4.642013540683246
7255,181.782726,66.64887900000001,0.046176,-54.88104831060098,-1.7081442532836293,127.1816007272257
14207,134.89414,57.736261999999996,0.053171,-60.09935718432446,60.32184832466706,134.88416901077326
25187,131.156824,7.469465,0.056261,-110.1372607005116,126.00023438377443,21.94141813150292
19254,177.540649,57.206293,0.035941,-58.34485948027375,2.505920670202406,90.63882756755939
10394,140.13435800000002,17.947514,0.056834,-124.50057400385744,103.97184897451366,52.53944896485822
684,167.159793,9.514481,0.051311,-148.0191235817987,33.73837040891111,25.44464393988079
3418,198.079937,9.481628,0.053703999999999995,-151.06464973727313,-49.316996386873655,26.54019613966847
16286,162.181218,14.509701000000002,0.033325,-92.14339693879698,29.617330739921336,25.048128581221594
7083,159.96907099999999,56.85761899999999,0.041362,-63.736663360963874,23.237219722554638,103.89901231088236
21182,187.18137,30.774945000000002,0.052499000000000004,-134.25733736617175,-16.91629669263081,80.58604890769145
22101,32.809546999999995,0.199467,0.048624,122.60122008309567,79.04001091526261,0.5078313219028606
14522,356.057656,-10.301206,0.040829000000000004,120.22750135393566,-8.285559435540007,-21.903483559231788
12297,201.93539199999998,45.301769,0.046298,-90.62174642988585,-36.494748428436374,98.72879846905167
18001,227.23483199999998,5.486771,0.051041,-103.49341164565577,-111.89909776653276,14.640997028166655
11756,310.353054,-0.7632329999999999,0.052813,102.57947056079855,-120.73075317850368,-2.110492221612435
14111,123.62831399999999,46.983337,0.047616000000000006,-53.96948480260005,81.14358082846466,104.4440764451309
13055,143.502289,43.155724,0.055441,-97.53660164479744,72.16725856349308,113.76220136765122
12630,148.52731599999998,29.263386999999998,0.056963,-127.14910696112877,77.83371455466077,83.5348298532476
10091,150.058355,11.143074,0.049786000000000004,-126.98387193718347,73.14183204886848,28.864872013852956
5922,153.326762,39.241155,0.052551,-109.1069036604832,54.81121728299724,99.7290451301831
1788,220.626046,14.787054000000001,0.058267,-128.27578239946712,-110.04683290364946,44.613986805494264
1869,213.35308199999997,10.07165,0.053703,-132.50027371368395,-87.2122419924623,28.174672907542835
2854,150.983568,5.182623,0.030095999999999998,-78.63232616845522,43.616095018289286,8.155763648686099
7493,144.65665800000002,62.621014,0.036839,-41.45707495097105,29.40035285544166,98.13733987369483
24857,223.94088900000003,1.1462430000000001,0.036802999999999995,-79.48476344666062,-76.59922627548794,2.2086635834823
20837,188.222533,8.827103999999999,0.033888999999999996,-99.43009408606339,-14.368013074484608,15.601137116506003
23535,245.696624,24.928241,0.033892,-37.94801371159126,-84.03233197577923,42.854689522353496
22232,29.492876000000003,0.383938,0.058462,152.65551377377142,86.34327940652042,1.175249672803994
26447,183.277827,38.622818,0.056224,-131.56311500158571,-7.534799494912425,105.28350845052131
17003,165.034844,35.435116,0.043666,-103.1135040537667,27.5619811643783,75.9501052010351
1620,6.134519,0.435408,0.057947000000000005,172.84055087221378,18.576653670916272,1.3210577506335641
11617,181.324267,4.631715,0.058874,-175.99819159394647,-4.068538904168318,14.262343105036217
19966,121.80919499999999,42.060982,0.028893000000000002,-33.920112244385855,54.687941908311785,58.06809826541058
17690,240.020132,5.2164,0.054046000000000004,-80.6841074612733,-139.86244234466764,14.741203090732625
6955,179.76119599999998,56.142829000000006,0.045529,-76.09530492920716,0.3171606805562225,113.42580194044777
664,156.38243899999998,5.516562,0.04835,-132.28507357040905,57.84221797467093,13.94416115232877
23160,248.61770299999998,23.274910000000002,0.045745,-45.962561216089625,-117.38938546891642,54.227487224537434
8017,144.331352,58.214562,0.0519,-66.62789500227619,47.82173743403806,132.349140671013
3504,201.645137,12.643964,0.04717,-128.34183033414814,-50.93111748455685,30.9754089279705
15769,182.692887,64.753635,0.057522000000000004,-73.52008214191675,-3.4579716459531173,156.08287641487647
300,177.806364,16.879960999999998,0.046017,-132.00629137152822,5.056486309560878,40.08552838040704
20232,190.597878,11.147688,0.044435,-128.55882114722277,-24.054201415160428,25.77300767305366
11570,193.600695,5.744634,0.056485,-163.8760117227887,-39.64788384833602,16.961577555795905
19053,164.26263600000001,43.667018,0.033602,-70.1861227843933,19.777824847026814,69.6031281539443
9,8.404112,-0.741736,0.021242,63.03641784911428,9.313031025503522,-0.8249568897071073
16882,168.631651,20.07951,0.041685,-115.14937498743856,23.151997792492704,42.93436226635575
8923,226.10143300000001,27.978507,0.036445,-66.9505909694593,-69.5754405481821,51.29345636985804
22945,235.915734,13.153004999999999,0.035385,-57.929810124015134,-85.61260436649282,24.15580877515651
9765,15.58129,-9.478964999999999,0.036953,105.32694031548301,29.370737638915216,-18.256869811791006
18075,235.62489399999998,11.665087,0.050225,-83.3153104626806,-121.79242390801427,30.465064354399242
23767,163.607328,-1.146858,0.040362,-116.14059326207263,34.165895262853354,-2.4235497976207805
27842,213.059934,59.718963,0.037498000000000004,-47.54055887605396,-30.943950072840057,97.14559821032567
4558,212.67391099999998,28.725933,0.040362,-89.38091581927844,-57.32407240389541,58.196408878383735
15305,183.306251,61.247234,0.035686,-51.41250952725418,-2.9700544633542645,93.85812700344445
22626,156.870154,49.249144,0.056423,-101.61207462896823,43.403797338330236,128.23061657502137
10790,142.750324,22.322985,0.047936,-105.89312505533961,80.5220583570563,54.62220288451411
19389,150.65876599999999,50.154465,0.037427999999999996,-62.71358858064543,35.25259469422659,86.20879903270966
8506,227.154236,22.278423999999998,0.027405000000000002,-51.7350093307955,-55.779292924600526,31.168341556363117
22034,225.530018,-2.1421740000000002,0.040601,-85.26769296681714,-86.86001594732737,-4.552908383290606
23935,246.58909300000002,9.387514,0.027472000000000003,-32.30719882191796,-74.61855648575988,13.442953107949373
20177,194.05504299999998,10.267928999999999,0.045298000000000005,-129.7145302088921,-32.47385745215894,24.22330429283509
26536,191.387546,38.439782,0.050541,-116.42262633993951,-23.448585550338024,94.26277123445558
3530,214.591123,12.289013,0.043867,-105.85475262022405,-73.00009977396813,28.010354901390773
16881,168.723231,20.200337,0.04165,-115.00054498357419,22.930890780947454,43.14569968691192
22558,160.992634,53.884531,0.05993300000000001,-100.19796702726893,34.51533628251501,145.24716646429715
26561,197.809705,42.357675,0.048514,-102.39474084569993,-32.89448768713578,98.05989746549211
1827,214.95289100000002,8.640568,0.049935,-121.39011495790348,-84.8496164507751,22.506012611374313
1468,153.87450900000002,18.981595000000002,0.050319,-128.1640715527999,62.857651379053735,49.10093965616273
22608,159.718801,46.977659,0.058102999999999995,-111.5549301998157,41.22381228991433,127.43516912297072
8420,235.021283,25.549386,0.037321,-57.90883720281108,-82.76780927731009,48.288401197939265
14908,217.66402200000002,55.965049,0.052145000000000004,-69.31032218870874,-53.499617628881275,129.63710648059407
1584,164.302382,28.467878000000002,0.05227999999999999,-132.73326354582633,37.30368359286253,74.76029386564635
18618,224.979664,23.697525,0.048337,-93.92554993587343,-93.85889956898882,58.28111325242694
2346,172.182071,4.9135230000000005,0.055491,-164.31960332947486,22.561371747325087,14.258758554763416
22897,244.80042400000002,15.303158999999999,0.0471,-58.02850759274841,-123.31922452868906,37.292776354156224
23003,250.12470699999997,22.850692000000002,0.035805000000000003,-33.65235309186221,-93.08900087523273,41.71257930686562
9551,193.256865,48.511891,0.03472,-67.16352435636362,-15.82340443794949,78.02555009754964
21718,217.930587,-2.5784990000000003,0.058837,-139.0831560970881,-108.39257808013566,-7.940895932747395
13350,251.229341,33.460712,0.047252999999999996,-38.055236281433665,-111.97445050478129,78.16095896748286
22980,240.636065,10.6867,0.033955,-49.08369935613853,-87.23788236975878,18.889694601986996
6930,344.821797,14.556320000000001,0.047155,132.14768504941654,-35.84975307419803,35.55461665662051
24446,162.888824,0.10805999999999999,0.05581799999999999,-160.04147151035195,49.26935935712124,0.31581852391910387
21740,211.76073799999998,0.490778,0.059837,-152.62427300795062,-94.48632781173573,1.5376171330248698
22891,245.675015,11.786679,0.044167000000000005,-53.42792212907781,-118.19228367105795,27.065775780297944
21802,218.010855,-2.1517720000000002,0.056369,-133.14445765223522,-104.06447946644155,-6.3494061825272725
23559,251.13808799999998,30.156507,0.04117,-34.52517078460173,-101.05893984336471,62.04694480817952
17309,151.387428,23.089078,0.047188,-114.32094570481854,62.36234823439753,55.515988614521326
19981,117.207729,41.234268,0.029151,-30.069610500626947,58.489725434608495,57.64371389774167
22473,166.612046,53.356188,0.051559,-89.80844321495097,21.375436943391648,124.10684329152045
12337,200.20791499999999,45.416542,0.052413999999999995,-103.58148461585294,-38.126812686061314,111.99227099750149
14179,118.03118300000001,51.758678,0.04958,-43.26676433158078,81.26621866844043,116.82198597699268
14588,356.03485,-0.724245,0.03873,115.90261525798533,-8.033861223292316,-1.468655917602131
5775,157.82008000000002,36.965452,0.05125,-113.75573965188748,46.37635758024807,92.45500340079472
12877,135.14901899999998,33.732533000000004,0.049454000000000005,-87.47201093650206,87.01818321838412,82.38790042291528
2002,215.095121,18.317164000000002,0.057367999999999995,-133.68034923751887,-93.93511773156283,54.08830465537271
9085,212.66135400000002,36.491146,0.033473,-67.96602506489444,-43.56870334297969,59.71903454418511
11115,134.26783,21.739887,0.045316,-88.14420996412126,90.426246253858,50.35425446015003
3562,218.454487,10.40536,0.042117,-97.31856715462371,-77.28454578313759,22.82040032657409
20128,196.069493,9.51378,0.046916,-133.38828296895736,-38.423622226335596,23.26350630496627
24778,198.125101,3.299037,0.042896,-122.09975998300109,-39.967567475451425,7.405640160631482
21771,222.46167999999997,-2.28306,0.059712,-132.04892306812005,-120.83817314725182,-7.136128010658083
4354,222.72225299999997,22.756162,0.042762,-86.9093323430588,-80.26014299656413,49.622325558712284
26226,190.536048,16.593966,0.058778,-166.14099303310303,-30.90054486439536,50.35877596862242
9036,215.070696,30.113899,0.035956999999999996,-76.37030955698333,-53.615620483625015,54.12110216289416
5471,167.230779,39.737565999999994,0.046456,-104.52074989182688,23.6874927336143,89.09407923114274
22904,245.33837400000002,17.336546,0.043542000000000004,-52.02870633518635,-113.31837511279392,38.9244326212094
20867,186.121964,13.355051000000001,0.032431,-94.12209880016674,-10.095245362521982,22.473192641948536
25015,62.795341,-5.805455,0.047372000000000004,64.63797508395731,125.74674505651625,-14.375177937584722
12306,200.34326299999998,43.433625,0.049149,-100.39336203944401,-37.22283431453743,101.37184655026077
18452,236.81329700000003,19.203705,0.048702999999999996,-75.52530876744602,-115.47324957046436,48.0592993105308
26407,188.198999,36.289823,0.057960000000000005,-138.72054816761025,-19.987462490389714,102.914358858582
9361,221.384582,42.455663,0.027558,-45.765280032528906,-40.325639743177966,55.80656053590506
4113,204.172378,22.1726,0.050655,-128.38805734938634,-57.62550031570954,57.35128305813958
3318,212.51581099999999,18.929833,0.050412,-120.6315297264731,-76.89756761300828,49.06246861964709
22801,156.08930900000001,60.103184999999996,0.057812999999999996,-79.02967280831132,35.03877410135867,150.3585110536986
14138,118.75283999999999,43.259888000000004,0.047291,-49.69995942580604,90.58041628555833,97.22679850539248
22314,177.046973,46.949731,0.056573000000000005,-115.70309128849509,5.968628331890417,124.02301844061823
26578,194.661523,41.44195,0.054047000000000005,-117.58745731938731,-30.764106077293103,107.31478714243592
19816,165.318745,65.035371,0.025656,-31.424400306337823,8.233049585533927,69.7767653586004
13737,250.470542,42.837762,0.043168,-31.745300171801098,-89.49969752053897,88.05297312830655
20876,197.93823999999998,14.250024,0.04013,-111.01349515198902,-35.9382210651138,29.634443824953454
20347,186.66011,10.210395,0.044941,-131.79244468364317,-15.389039953524573,23.89916949640066
3245,206.37208700000002,12.883137,0.05945,-155.76642033928647,-77.22856066356354,39.76549022103246
1254,170.548453,27.56229,0.047628,-124.94831519426397,20.80056909246996,66.1142368294775
8289,240.79323599999998,14.382148999999998,0.030833,-43.72152518872495,-78.20877626097734,22.97565128417637
26808,191.71168500000002,49.16607,0.055419,-106.44706903662936,-22.066769229573804,125.79137187533888
26466,193.67223,42.96728,0.056514,-120.54575766884564,-29.323997584584866,115.55653697521055
27279,352.39727400000004,-0.379445,0.024822,73.80976914577636,-9.851900094238234,-0.49315228920438103
12359,211.11141800000001,46.301520000000004,0.054456,-96.63091711722207,-58.31776335354396,118.11269092914868
10026,143.388956,7.522403,0.053966,-128.8375016943596,95.72170967310558,21.194689391769266
25243,129.190718,8.229086,0.051032999999999995,-95.74772887548077,117.43715263686416,21.913269877708686
11149,136.557577,26.82842,0.045925,-89.26628519418394,84.54021773353713,62.180644401588125
11613,181.491883,2.4848529999999998,0.059611000000000004,-178.60428336485705,-4.6515979211708505,7.75335343613383
22182,23.857342000000003,-0.7387520000000001,0.056938,156.2058704264687,69.08182300425983,-2.2023557199950115
15070,206.927252,51.638034999999995,0.043993,-73.02930781547492,-37.093568761173046,103.4854762638349
20068,196.262683,9.433425,0.050863,-144.50265220607866,-42.15338906262519,25.009562510048365
16705,153.523802,16.444166,0.035682,-91.89960277806995,45.771794132544045,30.302672936903846
18611,224.843709,20.506361,0.046346,-92.33567948429612,-91.83330346025734,48.706592097473035
10939,140.040088,31.228413,0.051067,-100.41323345000718,84.13705515612254,79.42723020960729
21573,183.761272,40.453293,0.044485000000000004,-101.33186247588147,-6.6616624332014585,86.58933494256159
19954,144.248289,66.142322,0.030694,-30.225654168361263,21.76072784197079,84.21386630408499
11769,316.3353,-6.391422,0.057501,124.01180033502915,-118.36215983989321,-19.203059774432464
3328,209.348954,14.306917000000002,0.047418,-120.1501980330004,-67.56019712771453,35.153238722700124
8065,154.24652,63.559575,0.056905,-68.4634559362288,33.02797687499964,152.85783973945382
19193,180.32289699999998,46.196678999999996,0.03343,-69.41813203710717,-0.39121806308021295,72.38130969322036
19142,182.990681,59.201629000000004,0.027038,-41.47529901014937,-2.1668640032347612,69.67485391739396
14832,225.615534,58.754718000000004,0.044209,-48.119315022935815,-49.164484326617405,113.39006187325788
7369,139.836668,51.037956,0.04504,-64.93039393912404,54.79924641458996,105.06427049812513
13573,249.986119,42.19105,0.05455599999999999,-41.50205505362676,-113.94006263816554,109.92022460101069
1820,213.08392,9.942524,0.051786,-128.2151438123249,-83.53113502885458,26.824141029604462
20069,196.29853300000002,9.090488,0.051072,-145.21157956391346,-42.45880159926344,24.207229980062078
21684,225.149805,-1.660798,0.059259000000000006,-125.32555138044852,-125.98262083382255,-5.152392456700729
26825,188.656713,50.606889,0.054816,-103.17594675079503,-15.708372919704512,127.08704000130223
25459,123.07696399999999,15.96124,0.059255999999999996,-93.27926765861396,143.21593934750612,48.88389065821279
19253,178.299687,56.525259,0.036824,-60.90613600551598,1.8079849328024502,92.14790595211781
426,166.592856,17.181005,0.045277,-126.2331066679926,30.08960130188263,40.12330040563638
12536,40.980466,0.6279399999999999,0.055602,125.9198260397067,109.38508636448205,1.8280938610475939
10702,133.950064,15.682310999999999,0.049175,-98.57561881029822,102.25624255733955,39.87648253320898
21902,230.41304900000003,0.569218,0.05142000000000001,-98.29710101891064,-118.87589729093152,1.5325059719234813
7704,130.175849,59.490156999999996,0.048447000000000004,-47.60304295775618,56.37878115553985,125.21736947236101
1492,163.906912,23.727772,0.056185,-148.25977464717104,42.77361005531377,67.82510987389568
14319,118.884279,52.332147,0.042523000000000005,-37.655671104630756,68.25738956495633,100.97934919793093
6401,147.573161,45.463598,0.054011,-95.92412751162006,60.9383514481946,115.49793146593916
26253,180.98469599999999,21.795428,0.05853099999999999,-163.0167370893004,-2.8019120494562375,65.19658247657631
24068,236.23057999999997,34.759147999999996,0.022421,-30.716558300830467,-45.93686488446823,38.34851574360856
24234,222.651106,60.793211,0.026016,-28.01091651312427,-25.80350716897347,68.125310112142
22418,171.65418200000002,50.392474,0.050818,-96.16399258441285,14.107355067645287,117.45506025378548
5339,155.454488,33.156073,0.055638,-127.10983210856665,58.04926932279688,91.28886190780005
6455,248.74083900000002,13.953833,0.057525,-60.726939193452864,-156.0851801932867,41.614733030789694
17552,152.965113,32.123946999999994,0.039826,-90.1292986716835,45.992319482946584,63.53273607778152
20323,182.008237,4.9790339999999995,0.041503,-123.96298334102143,-4.346725850703346,10.806285974953331
24504,27.872633,-8.963953,0.042673,111.785229361223,59.11888753880002,-19.947029699518737
1526,165.107958,24.671669,0.056653999999999996,-149.25936789929446,39.69264900512874,70.94516300114272
20644,195.91674799999998,9.35454,0.036774,-104.68150944657313,-29.852397289332743,17.93208409713887
13798,128.808211,47.304836,0.048243,-61.50610458996258,76.47572056353708,106.37173827411293
15287,202.444052,64.132776,0.040464,-48.9500598187799,-20.219801737909485,109.2294325052433
1298,165.742,18.527809,0.057611,-158.8270675072447,40.36054418166282,54.920260281695526
3459,206.556139,13.499220000000001,0.046368,-120.99051272530514,-60.47173357798294,32.4713425121478
16575,155.231292,14.676794000000001,0.046805,-123.33752913040273,56.90821760558298,35.57640934611968
9611,190.420071,50.534693,0.031492,-59.05963972525376,-10.860859435815161,72.93637819249523
21051,190.507132,25.749685,0.051678999999999996,-137.30043760275746,-25.464810188503876,67.35432165165625
11482,201.77127,7.848636999999999,0.058486,-161.41651485096753,-64.46813052124325,23.959938323445805
6531,246.359623,16.156156,0.055498,-64.12652575958087,-146.49832247956496,46.327985502061345
5754,157.40268500000002,38.137116,0.052201,-113.71749461460215,47.32977202267829,96.70948096158527
2469,172.68468000000001,24.071112,0.059601999999999995,-161.9281774842661,20.787487049591693,72.9296328990286
1359,157.814796,20.332413,0.058130999999999995,-151.4208004359411,61.74807395077951,60.59566822560797
14544,348.79492200000004,0.562817,0.040902999999999995,120.36410601142096,-23.84382081091507,1.205352317121178
19130,163.100201,49.101543,0.026841000000000004,-50.443318962846355,15.325658802670675,60.86500869363833
23939,240.91278300000002,7.848542,0.025199,-36.40649514209699,-65.44391706412082,10.32314098387412
14529,2.482703,-11.057406,0.040260000000000004,118.42651530305787,5.134793908380894,-23.16468788248732
12185,205.27166599999998,41.242209,0.050544,-103.10447243459946,-48.67489524032021,99.962421746008
13102,133.539417,44.223201,0.05960700000000001,-88.27531381621988,92.89469720444296,124.71966261557462
19659,128.319943,41.641562,0.035802999999999995,-49.77065304347024,62.97549822830115,71.36989561099092
19230,167.344674,50.257936,0.037674,-70.50316259007434,15.830820267035158,86.90605087374739
24572,145.806298,-0.27319899999999997,0.046895,-116.36519921712265,79.06301059086742,-0.6708147790140794
2657,150.06773,3.985235,0.020159,-52.283598495675776,30.103599106729185,4.203115292768329
19124,170.697449,51.088141,0.02645,-49.18615779041116,8.056790905996287,61.74327900357927
15862,48.739523,-6.119643,0.057495000000000004,113.10275917449249,128.92141602029594,-18.38775634596394
16983,168.238656,33.312661,0.041275,-101.30629746370643,21.09266646411119,68.00561844898397
2616,160.135524,7.973611,0.02603,-72.73351801715711,26.2781724982733,10.83241002726886
19992,112.395564,38.990813,0.034589,-30.72853375313266,74.56939744556887,65.2897577494922
4156,202.759067,27.060073,0.049086000000000005,-120.9272622041754,-50.73151265087204,66.99126393759882
20032,193.524333,5.946141000000001,0.049583999999999996,-143.84907408151815,-34.59972636975714,15.409747727585508
15226,213.737327,60.94226999999999,0.043474,-52.67701110742051,-35.18080271329795,114.00588452021546
9016,228.801622,30.442944,0.034283999999999995,-58.405568832312795,-66.7199547830711,52.11306042748704
22750,141.08891599999998,48.675443,0.055667999999999995,-85.80867441487116,69.26628385689327,125.41686223079782
23910,141.158153,63.87237,0.036496,-37.55406966022606,30.23943304588612,98.30000348432475
16666,158.227334,7.181621000000001,0.031292,-86.49522414664871,34.54776511735462,11.735906493198378
12330,207.910892,45.306302,0.058187,-108.49042798789674,-57.46913336613232,124.09137144116302
18860,229.116679,29.5365,0.045420999999999996,-77.59638664917412,-89.632429263778,67.17464977404569
6488,245.856979,9.148017999999999,0.046437,-56.25565509068741,-125.50817847617452,22.14843396067397
3476,204.908425,16.134248,0.046675,-121.99804005283131,-56.6514106046989,38.911393251406174
22690,150.685528,52.19643,0.054071,-86.69709924182179,48.6809415586669,128.1672199940974
16635,157.271976,4.352489,0.03549,-97.91930886781898,41.01681963431984,8.080244917967498
3191,115.35238000000001,30.160373999999997,0.027951999999999998,-31.04497440362816,65.52105111786521,42.13110680587642
9384,224.115091,47.040807,0.029682999999999998,-43.56827810468494,-42.242856163393405,65.16955306852797
16005,171.319592,8.524761,0.038862,-113.97727112713572,17.40108887399099,17.28233689090855
7529,133.79108200000002,55.140606000000005,0.045319,-53.77646431557073,56.09505341824304,111.5604890484109
15328,191.783898,55.027497,0.047555,-80.04980349920633,-16.699798151161836,116.9035838905245
25439,128.160561,27.229353000000003,0.051676,-85.17184726201945,108.38754810171584,70.93360722868577
15029,211.43207599999997,59.302963,0.059221,-77.38776252514332,-47.29717865475965,152.7686246310144
7099,167.746124,57.202273999999996,0.043220999999999996,-68.63500016276585,14.906981372226092,108.99317514425034
14205,137.780578,57.453928000000005,0.054648,-65.31754685800723,59.26669262669379,138.19809099095775
2526,320.814646,12.038288,0.052638,119.70832419659219,-97.58078334554018,32.935379695918535
20172,192.27496100000002,10.994995,0.047405,-136.41292288330988,-29.680384870592796,27.12370640907401
18821,236.375925,30.803122,0.048188,-68.75843716710907,-103.39548527111033,74.02973078357316
10070,151.267296,9.073805,0.053549,-139.1040361693765,76.26046619824987,25.33509474255765
7787,157.604524,63.495658,0.049668000000000004,-61.48002581727821,25.334559164672072,133.3437608343133
16482,155.31129199999998,6.482298999999999,0.042453,-114.97737406888133,52.856232089746,14.378353956536035
19794,126.473455,44.501838,0.042235,-53.72020544926721,72.66907836283875,88.81160735728253
2237,179.794471,3.837736,0.058431,-174.89879817775946,0.6273922718405859,11.73254550012869
12559,45.621946,0.147345,0.05537,116.17522640976857,118.72517167085597,0.42717720537664033
17850,235.69871400000002,19.294985999999998,0.05416,-86.42152269886171,-126.68310654873761,53.68855864680408
22754,141.745912,49.054432,0.05587,-86.2557966801127,68.00856676927982,126.60128153011514
26154,116.883408,18.562444,0.056052,-72.0805720640843,142.18059968529857,53.530444982675306
21173,187.55305,29.091046000000002,0.050992,-132.5179601508323,-17.571160334771044,74.37675132695828
25509,314.001467,-5.890572,0.040303,83.549170780138,-86.51326605701658,-12.408752519862452
6492,248.30049900000003,12.419357000000002,0.053257000000000006,-57.69117684867438,-144.97520089406865,34.361194399197146
17614,149.522928,32.530989,0.043920999999999995,-95.74049010686808,56.343864938360355,70.85630252069674
4149,199.08405,21.011388,0.049994,-132.3146428945061,-45.77680658577371,53.776570906929244
23171,250.91709900000004,21.040957000000002,0.042793,-39.17319673749647,-113.23472176796288,46.09258166448725
11127,133.297744,25.646793,0.043967,-81.54452821761208,86.53977806225994,57.08967097209319
10221,148.451438,14.779857000000002,0.058348000000000004,-144.23633956762205,88.55638780390802,44.65474737648259
618,162.242209,8.225348,0.048706,-137.7246166801196,44.10664481008207,20.904635081995224
20267,180.732248,5.271391,0.052329999999999995,-156.31327532317627,-1.9978140845853087,14.423203410626895
1885,215.22350699999998,12.593575,0.050651,-121.1452152252024,-85.53300609321926,33.13089050563997
3849,210.97984100000002,18.540613,0.039189,-95.56442877643009,-57.37514882434431,37.383575792304335
21947,221.745166,1.645447,0.04451,-99.58746112508459,-88.87011316697033,3.8342499070413956
15133,210.778466,61.382849,0.040907,-50.499075840306155,-30.07777261812598,107.72935892600178
12024,196.754827,39.685790999999995,0.054697,-120.91668197723901,-36.40290054244549,104.78473711715876
4613,208.868766,30.549146,0.039965,-90.42134781328552,-49.85097202171873,60.939900501384656
12002,200.321328,38.879288,0.055253,-121.00703848610334,-44.81307748368337,104.04388883670244
15592,215.94576800000002,61.460225,0.0496,-57.55415155238206,-41.732363169070126,130.7186654744083
10506,143.211687,1.531611,0.046894,-112.62542586957828,84.21875893406298,3.7602147947037676
1110,171.66179,24.301197,0.048918,-132.33697492468494,19.396018051713313,60.39417246325114
25977,131.172092,37.99167,0.049782,-77.48435442256259,88.59670132821455,91.92946779720772
12243,200.90168899999998,45.328994,0.051149,-100.77953559723294,-38.487366525105664,109.12465180594273
995,179.0926,17.645958,0.048743,-139.33113251517713,2.206788036605953,44.32703508694943
18225,220.84963,12.438805,0.046175,-102.32465430613253,-88.47906154109026,29.837835292434296
20313,189.033191,7.732352000000001,0.042345,-124.31870089700128,-19.76397809173147,17.092015746291928
10912,149.365219,30.395329999999998,0.053144000000000004,-118.325741203362,70.07463418541687,80.66676661708345
11435,118.37995900000001,16.3609,0.051272000000000005,-70.1507450440847,129.849626935678,43.327926449636045
12478,54.058951,0.889848,0.053730999999999994,94.60123251648291,130.4895523951393,2.5033519685671615
18500,240.939027,29.801776,0.053599,-67.77609524715635,-121.96503420530318,79.9162471175143
20325,181.204603,6.589952,0.040469,-120.57819871244995,-2.5354444240748566,13.933024288838435
807,162.641681,16.696153,0.045599,-125.0624701231806,39.09231106884451,39.301259407113925
11165,132.400848,26.889518,0.051488,-92.89569279599871,101.73074095121954,69.85967292699911
10817,141.398727,24.075293,0.050763,-108.66177803595554,86.74751062717989,62.12428603253354
23082,243.04781,26.508458,0.050749,-61.750822982181205,-121.44322712852023,67.95239108842286
22696,152.57712,49.683502000000004,0.057205,-98.55950959058771,51.138340491602285,130.8533584820344
17935,240.09599500000002,28.832147999999997,0.058136,-76.17206730043401,-132.4458603659779,84.10743545664694
27993,192.62368,0.734016,0.059904,-175.35334517564456,-39.27221704704759,2.3022267309785556
10843,140.26984199999998,21.126921,0.05432000000000001,-116.90263038024469,97.158423322973,58.73650813228401
15788,182.78239,67.060369,0.05419500000000001,-63.294591765232454,-3.0761219936852107,149.72713298448127
20843,189.607803,10.354515,0.031677,-92.17210795708799,-15.602657277285473,17.08070729315638
18279,229.329588,7.459333,0.04073,-78.95814941578512,-91.8932629454767,15.863006211561398
12492,54.277508,0.27635,0.05532,96.89627145823134,134.73378731556664,0.8004580541190778
