,Mass,Center of Mass,RMS Radius,Potential Issue
25,14000000000.0,"(141.16, 109.44, 70.319999999999993)",0.0,yes
55,42000000000.0,"(50.109999999999992, 124.94666666666667, 0.33000000000000002)",0.107186234605,yes
63,14000000000.0,"(108.53, 0.62, 26.25)",0.0,yes
69,56000000000.0,"(36.939999999999998, 0.89999999999999991, 76.672499999999999)",0.20510667956,yes
86,14000000000.0,"(50.950000000000003, 124.09, 0.22)",0.0,yes
121,42000000000.0,"(55.466666666666669, 0.66000000000000003, 0.20666666666666667)",0.123738074622,yes
133,70000000000.0,"(24.758000000000003, 140.98600000000002, 81.484000000000009)",0.250247877114,yes
137,14000000000.0,"(103.61, 141.06, 49.840000000000003)",0.0,yes
221,56000000000.0,"(119.2525, 117.9725, 0.98999999999999999)",0.487685862005,yes
235,14000000000.0,"(133.91999999999999, 25.48, 141.22999999999999)",0.0,yes
269,126000000000.0,"(61.00888888888889, 0.28333333333333333, 10.186666666666667)",0.3857588321,yes
272,14000000000.0,"(52.229999999999997, 117.5, 0.080000000000000002)",0.0,yes
352,14000000000.0,"(56.079999999999998, 138.93000000000001, 141.05000000000001)",0.0,yes
436,70000000000.0,"(64.145999999999987, 21.443999999999999, 0.58800000000000008)",0.501581498861,yes
470,70000000000.0,"(22.289999999999999, 35.5, 0.82599999999999996)",0.387690598287,yes
485,70000000000.0,"(64.26400000000001, 0.52800000000000002, 50.501999999999995)",0.354874625748,yes
486,14000000000.0,"(26.530000000000001, 45.170000000000002, 140.83000000000001)",0.0,yes
497,14000000000.0,"(49.840000000000003, 61.850000000000001, 0.75)",0.0,yes
542,182000000000.0,"(121.42153846153847, 140.9823076923077, 66.814615384615379)",0.302543458661,yes
567,140000000000.0,"(48.045999999999999, 66.542000000000002, 0.83800000000000008)",0.668023951666,yes
603,126000000000.0,"(113.12, 0.56777777777777771, 60.483333333333334)",0.831100712947,yes
626,14000000000.0,"(129.38, 119.31999999999999, 140.62)",0.0,yes
638,14000000000.0,"(27.350000000000001, 141.22999999999999, 81.620000000000005)",0.0,yes
708,28000000000.0,"(48.615000000000002, 60.905000000000001, 0.22999999999999998)",0.340367448502,yes
724,14000000000.0,"(30.629999999999999, 0.68000000000000005, 124.20999999999999)",0.0,yes
744,14000000000.0,"(141.05000000000001, 72.340000000000003, 48.609999999999999)",0.0,yes
761,14000000000.0,"(115.8, 141.02000000000001, 55.030000000000001)",0.0,yes
796,14000000000.0,"(0.64000000000000001, 88.760000000000005, 54.170000000000002)",0.0,yes
853,14000000000.0,"(0.26000000000000001, 79.849999999999994, 7.4100000000000001)",0.0,yes
867,28000000000.0,"(39.710000000000001, 141.11000000000001, 76.914999999999992)",0.119268604419,yes
879,14000000000.0,"(67.040000000000006, 59.009999999999998, 0.040000000000000001)",0.0,yes
898,14000000000.0,"(125.83, 112.55, 140.56)",0.0,yes
916,14000000000.0,"(61.390000000000001, 141.09999999999999, 1.6299999999999999)",0.0,yes
950,14000000000.0,"(3.8900000000000001, 75.329999999999998, 0.69999999999999996)",0.0,yes
964,14000000000.0,"(29.02, 41.350000000000001, 0.75)",0.0,yes
974,14000000000.0,"(118.08, 140.88, 91.459999999999994)",0.0,yes
1001,70000000000.0,"(24.027999999999999, 0.51999999999999991, 80.109999999999999)",0.402064671415,yes
1022,14000000000.0,"(65.730000000000004, 133.43000000000001, 0.20000000000000001)",0.0,yes
1031,70000000000.0,"(55.487999999999985, 0.56799999999999995, 132.30199999999999)",0.342706871831,yes
1090,14000000000.0,"(0.22, 53.280000000000001, 120.06999999999999)",0.0,yes
1092,56000000000.0,"(49.967500000000001, 67.689999999999998, 1.0924999999999998)",0.618819440548,yes
1121,364000000000.0,"(32.080769230769235, 140.64769230769232, 70.608461538461512)",0.607218900315,yes
1137,70000000000.0,"(61.394000000000005, 140.93800000000002, 55.778000000000006)",0.410726186163,yes
1150,70000000000.0,"(30.171999999999997, 0.27000000000000002, 24.788)",0.33375440072,yes
1152,1610000000000.0,"(26.803043478260864, 88.982608695652161, 140.2936521739131)",1.10528028419,yes
1185,56000000000.0,"(40.902500000000003, 66.265000000000001, 141.0275)",0.27020825302,yes
1238,14000000000.0,"(107.39, 1.1100000000000001, 0.14000000000000001)",0.0,yes
1273,14000000000.0,"(35.969999999999999, 121.72, 140.93000000000001)",0.0,yes
1279,14000000000.0,"(125.98999999999999, 0.68999999999999995, 22.350000000000001)",0.0,yes
1316,28000000000.0,"(43.409999999999997, 67.405000000000001, 0.20000000000000001)",0.208865985742,yes
1326,238000000000.0,"(20.797058823529415, 1.4488235294117651, 56.118235294117653)",0.496693565763,yes
1425,434000000000.0,"(113.99064516129029, 105.34161290322579, 1.5790322580645162)",0.758250903648,yes
1437,14000000000.0,"(65.129999999999995, 0.69999999999999996, 48.630000000000003)",0.0,yes
1456,56000000000.0,"(140.185, 60.945000000000007, 53.817500000000003)",0.37949802371,yes
1473,406000000000.0,"(111.72068965517242, 141.0451724137931, 61.988965517241382)",0.774484908033,yes
1525,14000000000.0,"(136.0, 141.12, 89.120000000000005)",0.0,yes
1592,28000000000.0,"(65.504999999999995, 0.125, 42.75)",0.192223827867,yes
1605,14000000000.0,"(100.14, 0.34000000000000002, 80.739999999999995)",0.0,yes
1632,70000000000.0,"(139.26600000000002, 140.75, 82.085999999999984)",0.316430087065,yes
1656,364000000000.0,"(67.458461538461535, 57.009615384615387, 140.36346153846154)",0.877825615171,yes
1665,140000000000.0,"(0.68300000000000005, 84.931000000000012, 126.95699999999999)",0.579008635514,yes
1673,14000000000.0,"(89.689999999999998, 84.280000000000001, 140.83000000000001)",0.0,yes
1680,14000000000.0,"(54.82, 140.84, 32.670000000000002)",0.0,yes
1726,56000000000.0,"(59.192500000000003, 0.15000000000000002, 81.537499999999994)",0.251768743096,yes
1745,14000000000.0,"(0.17999999999999999, 58.240000000000002, 63.979999999999997)",0.0,yes
1765,28000000000.0,"(32.399999999999999, 0.15000000000000002, 70.625)",0.334402452144,yes
1808,14000000000.0,"(0.23000000000000001, 95.489999999999995, 62.469999999999999)",0.0,yes
1859,14000000000.0,"(1.24, 0.42999999999999999, 77.670000000000002)",0.0,yes
1889,14000000000.0,"(141.09, 87.019999999999996, 58.07)",0.0,yes
1895,56000000000.0,"(63.850000000000001, 57.727499999999999, 140.56999999999999)",0.276439414701,yes
1945,14000000000.0,"(123.59, 0.44, 38.490000000000002)",0.0,yes
1956,14000000000.0,"(109.23999999999999, 140.69999999999999, 89.299999999999997)",0.0,yes
1980,14000000000.0,"(26.420000000000002, 87.540000000000006, 140.75)",0.0,yes
1984,14000000000.0,"(140.55000000000001, 53.729999999999997, 64.040000000000006)",0.0,yes
1991,350000000000.0,"(111.78079999999999, 0.26160000000000005, 62.440400000000018)",0.579075677265,yes
1992,42000000000.0,"(140.79999999999998, 97.100000000000009, 124.90999999999998)",0.155777619274,yes
2042,182000000000.0,"(1.4923076923076921, 56.408461538461538, 112.13384615384615)",0.506914322324,yes
2133,14000000000.0,"(104.86, 70.569999999999993, 0.35999999999999999)",0.0,yes
2141,14000000000.0,"(0.37, 69.469999999999999, 80.349999999999994)",0.0,yes
2173,42000000000.0,"(140.34999999999999, 125.25666666666666, 21.52)",0.37517403369,yes
2183,14000000000.0,"(73.900000000000006, 141.0, 121.58)",0.0,yes
2194,364000000000.0,"(120.80615384615385, 140.44653846153849, 89.207307692307708)",0.720574433902,yes
2225,14000000000.0,"(73.980000000000004, 72.659999999999997, 0.67000000000000004)",0.0,yes
2270,14000000000.0,"(0.11, 61.869999999999997, 35.090000000000003)",0.0,yes
2276,14000000000.0,"(133.37, 141.28, 89.829999999999998)",0.0,yes
2343,42000000000.0,"(67.339999999999989, 140.49666666666664, 105.63666666666667)",0.0929755045399,yes
2359,14000000000.0,"(122.08, 0.27000000000000002, 89.069999999999993)",0.0,yes
2367,14000000000.0,"(0.51000000000000001, 101.61, 62.960000000000001)",0.0,yes
2414,42000000000.0,"(78.393333333333331, 140.63333333333333, 27.356666666666666)",0.47349762407,yes
2458,14000000000.0,"(94.370000000000005, 0.51000000000000001, 10.220000000000001)",0.0,yes
2477,28000000000.0,"(0.084999999999999992, 53.709999999999994, 64.97999999999999)",0.178115131306,yes
2491,56000000000.0,"(38.355000000000004, 140.2475, 60.390000000000001)",0.354039192746,yes
2492,14000000000.0,"(141.13, 96.370000000000005, 61.299999999999997)",0.0,yes
2522,14000000000.0,"(33.539999999999999, 71.950000000000003, 0.13)",0.0,yes
2569,392000000000.0,"(38.502857142857145, 66.318571428571417, 141.03142857142856)",0.594470266674,yes
2575,14000000000.0,"(107.98, 141.00999999999999, 89.030000000000001)",0.0,yes
2628,336000000000.0,"(0.94166666666666643, 91.255833333333328, 81.534166666666664)",0.602843954381,yes
2637,14000000000.0,"(0.40000000000000002, 31.09, 33.670000000000002)",0.0,yes
2670,28000000000.0,"(57.030000000000001, 140.57499999999999, 125.36500000000001)",0.341833292703,yes
2724,14000000000.0,"(28.710000000000001, 140.61000000000001, 50.869999999999997)",0.0,yes
2781,182000000000.0,"(28.364615384615384, 88.373076923076923, 0.58307692307692305)",0.670755998458,yes
2785,14000000000.0,"(101.03, 141.28, 87.5)",0.0,yes
2815,14000000000.0,"(17.440000000000001, 80.370000000000005, 140.90000000000001)",0.0,yes
2821,14000000000.0,"(32.289999999999999, 140.56999999999999, 57.590000000000003)",0.0,yes
2834,14000000000.0,"(2.5099999999999998, 51.880000000000003, 141.09999999999999)",0.0,yes
2896,28000000000.0,"(24.609999999999999, 141.03500000000003, 68.289999999999992)",0.0832165848855,yes
2897,14000000000.0,"(0.14999999999999999, 124.8, 20.219999999999999)",0.0,yes
2952,14000000000.0,"(108.04000000000001, 0.40999999999999998, 109.20999999999999)",0.0,yes
2990,14000000000.0,"(14.41, 141.02000000000001, 82.810000000000002)",0.0,yes
3002,14000000000.0,"(40.299999999999997, 141.27000000000001, 62.049999999999997)",0.0,yes
3101,98000000000.0,"(22.287142857142857, 140.9942857142857, 78.095714285714294)",0.394440963224,yes
3138,224000000000.0,"(43.803750000000008, 66.132500000000022, 0.46750000000000008)",0.395345971903,yes
3144,14000000000.0,"(0.52000000000000002, 26.34, 100.54000000000001)",0.0,yes
3174,14000000000.0,"(39.899999999999999, 0.20000000000000001, 126.59)",0.0,yes
3244,42000000000.0,"(0.69333333333333336, 66.046666666666667, 80.013333333333335)",0.407839837845,yes
3265,14000000000.0,"(0.72999999999999998, 94.099999999999994, 10.42)",0.0,yes
3273,42000000000.0,"(42.226666666666667, 65.706666666666663, 140.74666666666667)",0.522047252012,yes
3333,14000000000.0,"(65.090000000000003, 140.59999999999999, 79.25)",0.0,yes
3364,14000000000.0,"(141.27000000000001, 23.329999999999998, 79.730000000000004)",0.0,yes
3388,14000000000.0,"(58.049999999999997, 0.17999999999999999, 81.760000000000005)",0.0,yes
3410,196000000000.0,"(140.5, 87.464285714285737, 20.562142857142856)",0.622080528287,yes
3438,14000000000.0,"(102.14, 140.56999999999999, 78.170000000000002)",0.0,yes
3448,14000000000.0,"(86.959999999999994, 41.920000000000002, 0.40999999999999998)",0.0,yes
3467,14000000000.0,"(70.180000000000007, 68.299999999999997, 140.69999999999999)",0.0,yes
3475,14000000000.0,"(31.210000000000001, 0.29999999999999999, 77.25)",0.0,yes
3486,28000000000.0,"(87.424999999999997, 141.14499999999998, 55.260000000000005)",0.178465682976,yes
3530,14000000000.0,"(19.399999999999999, 11.699999999999999, 0.57999999999999996)",0.0,yes
3562,14000000000.0,"(114.23, 0.56000000000000005, 126.65000000000001)",0.0,yes
3569,28000000000.0,"(62.740000000000002, 0.745, 14.725)",0.123895116934,yes
3622,14000000000.0,"(35.560000000000002, 141.15000000000001, 7.75)",0.0,yes
3637,28000000000.0,"(141.13499999999999, 113.545, 18.114999999999998)",0.243874967965,yes
3661,14000000000.0,"(55.93, 0.47999999999999998, 81.090000000000003)",0.0,yes
3727,14000000000.0,"(83.840000000000003, 0.02, 34.350000000000001)",0.0,yes
3745,14000000000.0,"(103.45999999999999, 63.310000000000002, 0.01)",0.0,yes
3749,56000000000.0,"(104.815, 0.57750000000000001, 97.412499999999994)",0.197262515446,yes
3750,28000000000.0,"(60.689999999999998, 0.83499999999999996, 93.634999999999991)",0.191702895127,yes
3764,28000000000.0,"(67.155000000000001, 57.875, 0.40500000000000003)",0.123592070943,yes
3788,14000000000.0,"(101.09999999999999, 118.16, 140.97)",0.0,yes
3840,14000000000.0,"(50.869999999999997, 58.969999999999999, 141.05000000000001)",0.0,yes
3849,14000000000.0,"(73.989999999999995, 9.7200000000000006, 0.26000000000000001)",0.0,yes
3858,14000000000.0,"(58.579999999999998, 0.20999999999999999, 49.310000000000002)",0.0,yes
3878,70000000000.0,"(32.096000000000004, 140.602, 43.102000000000004)",0.455034064659,yes
3917,14000000000.0,"(115.61, 2.1600000000000001, 140.78)",0.0,yes
3924,14000000000.0,"(0.20999999999999999, 106.01000000000001, 17.899999999999999)",0.0,yes
3940,14000000000.0,"(116.17, 0.38, 43.109999999999999)",0.0,yes
3960,14000000000.0,"(3.8199999999999998, 44.710000000000001, 0.59999999999999998)",0.0,yes
3980,14000000000.0,"(39.460000000000001, 68.810000000000002, 140.62)",0.0,yes
4004,14000000000.0,"(141.28, 85.620000000000005, 90.5)",0.0,yes
4007,28000000000.0,"(43.509999999999998, 51.230000000000004, 0.58499999999999996)",0.0320156211872,yes
4036,14000000000.0,"(106.78, 89.569999999999993, 141.13999999999999)",0.0,yes
4058,14000000000.0,"(140.65000000000001, 34.0, 53.659999999999997)",0.0,yes
4076,14000000000.0,"(92.790000000000006, 140.75, 93.590000000000003)",0.0,yes
4089,14000000000.0,"(0.11, 86.780000000000001, 19.809999999999999)",0.0,yes
4099,14000000000.0,"(0.46999999999999997, 86.170000000000002, 99.939999999999998)",0.0,yes
4145,14000000000.0,"(84.159999999999997, 38.090000000000003, 0.41999999999999998)",0.0,yes
4161,14000000000.0,"(0.5, 25.739999999999998, 19.5)",0.0,yes
4168,28000000000.0,"(25.695, 0.68999999999999995, 72.355000000000004)",0.205548047911,yes
4170,70000000000.0,"(67.895999999999987, 0.29599999999999999, 51.339999999999996)",0.526961099134,yes
4187,14000000000.0,"(115.42, 0.16, 89.489999999999995)",0.0,yes
4195,14000000000.0,"(62.899999999999999, 53.0, 0.029999999999999999)",0.0,yes
4198,14000000000.0,"(22.059999999999999, 121.63, 140.80000000000001)",0.0,yes
4204,14000000000.0,"(60.43, 33.07, 0.040000000000000001)",0.0,yes
4244,28000000000.0,"(0.80500000000000005, 122.69499999999999, 30.32)",0.3529164207,yes
4281,14000000000.0,"(0.28000000000000003, 3.8799999999999999, 49.600000000000001)",0.0,yes
4369,14000000000.0,"(70.709999999999994, 0.5, 61.32)",0.0,yes
4376,14000000000.0,"(107.27, 141.19, 42.119999999999997)",0.0,yes
4382,14000000000.0,"(132.96000000000001, 33.840000000000003, 0.70999999999999996)",0.0,yes
4421,14000000000.0,"(0.52000000000000002, 31.050000000000001, 119.64)",0.0,yes
4422,42000000000.0,"(133.37666666666667, 34.699999999999996, 141.19333333333333)",0.102848324137,yes
4448,14000000000.0,"(117.51000000000001, 76.689999999999998, 141.21000000000001)",0.0,yes
4561,14000000000.0,"(1.1699999999999999, 66.790000000000006, 141.18000000000001)",0.0,yes
4563,14000000000.0,"(67.5, 140.66, 55.100000000000001)",0.0,yes
4577,14000000000.0,"(35.079999999999998, 121.8, 0.72999999999999998)",0.0,yes
4606,14000000000.0,"(67.519999999999996, 8.0800000000000001, 0.14999999999999999)",0.0,yes
4653,14000000000.0,"(77.700000000000003, 73.700000000000003, 0.60999999999999999)",0.0,yes
4656,70000000000.0,"(70.695999999999998, 140.56, 20.827999999999999)",0.328572670805,yes
4664,14000000000.0,"(79.239999999999995, 141.19999999999999, 96.209999999999994)",0.0,yes
4670,28000000000.0,"(12.745000000000001, 71.724999999999994, 140.97499999999999)",0.259374246987,yes
4694,140000000000.0,"(96.474000000000004, 109.43800000000002, 1.056)",0.376435917521,yes
4705,14000000000.0,"(16.760000000000002, 64.459999999999994, 0.67000000000000004)",0.0,yes
4740,14000000000.0,"(126.86, 117.90000000000001, 0.10000000000000001)",0.0,yes
4746,28000000000.0,"(118.06, 34.359999999999999, 0.13)",0.186815416923,yes
4747,14000000000.0,"(140.62, 56.520000000000003, 48.0)",0.0,yes
4753,14000000000.0,"(87.290000000000006, 140.56, 56.460000000000001)",0.0,yes
4810,14000000000.0,"(48.829999999999998, 140.88999999999999, 50.960000000000001)",0.0,yes
4837,14000000000.0,"(24.629999999999999, 58.840000000000003, 0.51000000000000001)",0.0,yes
4851,14000000000.0,"(141.25999999999999, 26.129999999999999, 104.25)",0.0,yes
4880,14000000000.0,"(77.920000000000002, 43.640000000000001, 141.13)",0.0,yes
4914,14000000000.0,"(114.64, 21.379999999999999, 0.27000000000000002)",0.0,yes
4934,14000000000.0,"(26.66, 141.25, 83.310000000000002)",0.0,yes
4947,14000000000.0,"(0.67000000000000004, 0.35999999999999999, 88.609999999999999)",0.0,yes
4972,14000000000.0,"(22.370000000000001, 38.340000000000003, 141.06999999999999)",0.0,yes
5000,14000000000.0,"(21.190000000000001, 141.03999999999999, 56.280000000000001)",0.0,yes
5066,14000000000.0,"(106.73999999999999, 0.70999999999999996, 92.930000000000007)",0.0,yes
5077,14000000000.0,"(13.550000000000001, 38.630000000000003, 0.66000000000000003)",0.0,yes
5103,14000000000.0,"(69.469999999999999, 136.18000000000001, 141.03)",0.0,yes
5192,14000000000.0,"(70.019999999999996, 141.0, 62.130000000000003)",0.0,yes
5230,14000000000.0,"(121.41, 140.84999999999999, 10.73)",0.0,yes
5248,14000000000.0,"(61.329999999999998, 141.27000000000001, 8.0800000000000001)",0.0,yes
5249,28000000000.0,"(68.360000000000014, 24.405000000000001, 140.60500000000002)",0.226605383872,yes
5270,14000000000.0,"(139.75, 44.560000000000002, 141.02000000000001)",0.0,yes
5276,42000000000.0,"(140.85999999999999, 52.763333333333328, 99.370000000000005)",0.272070252365,yes
5388,70000000000.0,"(140.798, 53.525999999999996, 65.718000000000004)",0.329812067699,yes
5524,14000000000.0,"(4.2999999999999998, 0.13, 62.859999999999999)",0.0,yes
5532,14000000000.0,"(112.02, 11.109999999999999, 141.15000000000001)",0.0,yes
5538,42000000000.0,"(65.073333333333338, 53.589999999999996, 140.76000000000002)",0.186070476493,yes
5628,14000000000.0,"(122.73, 140.59999999999999, 108.77)",0.0,yes
5806,14000000000.0,"(0.33000000000000002, 126.55, 118.2)",0.0,yes
5829,14000000000.0,"(141.03, 68.459999999999994, 122.11)",0.0,yes
5837,14000000000.0,"(14.199999999999999, 140.72, 27.969999999999999)",0.0,yes
5848,28000000000.0,"(30.305, 56.935000000000002, 0.755)",0.249148550066,yes
5861,14000000000.0,"(53.799999999999997, 5.5999999999999996, 0.39000000000000001)",0.0,yes
5870,28000000000.0,"(130.245, 0.70999999999999996, 30.189999999999998)",0.119268604419,yes
5887,14000000000.0,"(0.48999999999999999, 130.52000000000001, 15.15)",0.0,yes
5894,14000000000.0,"(0.17999999999999999, 124.01000000000001, 138.94999999999999)",0.0,yes
5922,14000000000.0,"(26.170000000000002, 100.04000000000001, 140.75999999999999)",0.0,yes
5948,14000000000.0,"(50.560000000000002, 103.3, 140.90000000000001)",0.0,yes
5954,14000000000.0,"(114.59999999999999, 0.10000000000000001, 60.280000000000001)",0.0,yes
5963,14000000000.0,"(49.789999999999999, 0.48999999999999999, 59.590000000000003)",0.0,yes
5969,14000000000.0,"(59.200000000000003, 0.45000000000000001, 128.87)",0.0,yes
5978,42000000000.0,"(31.99666666666667, 0.59666666666666668, 40.970000000000006)",0.284331574828,yes
5993,14000000000.0,"(33.189999999999998, 58.439999999999998, 0.070000000000000007)",0.0,yes
6008,14000000000.0,"(47.049999999999997, 0.02, 104.42)",0.0,yes
6009,14000000000.0,"(57.770000000000003, 141.22999999999999, 96.959999999999994)",0.0,yes
6027,14000000000.0,"(25.870000000000001, 114.12, 0.080000000000000002)",0.0,yes
6078,42000000000.0,"(38.883333333333333, 66.61333333333333, 0.23999999999999999)",0.322662534409,yes
6080,14000000000.0,"(140.55000000000001, 19.539999999999999, 89.680000000000007)",0.0,yes
6126,14000000000.0,"(118.36, 118.33, 0.57999999999999996)",0.0,yes
6191,14000000000.0,"(39.340000000000003, 120.62, 0.59999999999999998)",0.0,yes
6194,14000000000.0,"(0.28999999999999998, 79.670000000000002, 92.109999999999999)",0.0,yes
6197,84000000000.0,"(130.37333333333333, 1.0733333333333335, 79.614999999999995)",0.446582703551,yes
6200,14000000000.0,"(0.20999999999999999, 4.5199999999999996, 89.079999999999998)",0.0,yes
6207,168000000000.0,"(0.64000000000000001, 74.164166666666674, 40.610833333333339)",0.590253006016,yes
6222,140000000000.0,"(57.929000000000009, 0.44800000000000006, 5.0190000000000001)",0.319740519797,yes
6238,14000000000.0,"(99.599999999999994, 140.94, 95.620000000000005)",0.0,yes
6271,28000000000.0,"(27.185000000000002, 0.46499999999999997, 66.340000000000003)",0.352349258549,yes
6310,14000000000.0,"(98.420000000000002, 100.98, 0.54000000000000004)",0.0,yes
6319,14000000000.0,"(60.130000000000003, 140.28999999999999, 0.22)",0.0,yes
6344,14000000000.0,"(140.71000000000001, 80.510000000000005, 81.349999999999994)",0.0,yes
6356,14000000000.0,"(138.86000000000001, 141.06999999999999, 66.5)",0.0,yes
6366,14000000000.0,"(70.290000000000006, 141.18000000000001, 107.41)",0.0,yes
6422,28000000000.0,"(55.590000000000003, 0.73999999999999999, 118.535)",0.0743303437366,yes
6434,14000000000.0,"(123.53, 141.12, 137.93000000000001)",0.0,yes
6436,14000000000.0,"(69.150000000000006, 141.28999999999999, 62.5)",0.0,yes
6450,14000000000.0,"(140.81999999999999, 94.5, 59.219999999999999)",0.0,yes
6460,14000000000.0,"(141.27000000000001, 0.53000000000000003, 78.989999999999995)",0.0,yes
6480,14000000000.0,"(140.53999999999999, 5.5999999999999996, 72.010000000000005)",0.0,yes
6505,14000000000.0,"(0.56999999999999995, 63.439999999999998, 112.12)",0.0,yes
6508,14000000000.0,"(138.66, 0.59999999999999998, 78.640000000000001)",0.0,yes
6520,14000000000.0,"(136.90000000000001, 0.69999999999999996, 36.799999999999997)",0.0,yes
6533,28000000000.0,"(29.515000000000001, 89.134999999999991, 140.69)",0.224610774452,yes
6555,154000000000.0,"(68.018181818181816, 141.03818181818181, 51.81545454545455)",0.474322483319,yes
6590,28000000000.0,"(65.625, 46.850000000000001, 141.19499999999999)",0.025495097568,yes
6655,14000000000.0,"(66.200000000000003, 141.00999999999999, 54.390000000000001)",0.0,yes
6699,14000000000.0,"(111.98999999999999, 99.590000000000003, 0.23999999999999999)",0.0,yes
6714,14000000000.0,"(42.100000000000001, 0.52000000000000002, 61.159999999999997)",0.0,yes
6754,14000000000.0,"(10.52, 141.06, 62.390000000000001)",0.0,yes
6791,14000000000.0,"(87.640000000000001, 0.11, 90.379999999999995)",0.0,yes
6864,14000000000.0,"(140.93000000000001, 116.09, 89.590000000000003)",0.0,yes
6876,28000000000.0,"(112.56999999999999, 22.855, 141.18000000000001)",0.149080515159,yes
6886,28000000000.0,"(140.84999999999999, 125.98, 122.63499999999999)",0.141509716981,yes
6967,28000000000.0,"(78.789999999999992, 74.490000000000009, 141.26999999999998)",0.150332963784,yes
6988,14000000000.0,"(51.039999999999999, 122.94, 141.08000000000001)",0.0,yes
6997,14000000000.0,"(85.209999999999994, 140.56, 13.390000000000001)",0.0,yes
7031,14000000000.0,"(13.08, 141.16999999999999, 29.859999999999999)",0.0,yes
7036,14000000000.0,"(9.6899999999999995, 0.11, 29.219999999999999)",0.0,yes
7044,56000000000.0,"(140.31, 83.757500000000007, 126.6675)",0.351692337136,yes
7132,14000000000.0,"(46.020000000000003, 106.51000000000001, 0.25)",0.0,yes
7146,14000000000.0,"(119.48, 77.569999999999993, 140.56)",0.0,yes
7152,14000000000.0,"(23.920000000000002, 85.920000000000002, 140.72)",0.0,yes
7179,14000000000.0,"(110.26000000000001, 0.11, 62.829999999999998)",0.0,yes
7288,14000000000.0,"(60.619999999999997, 140.75999999999999, 79.590000000000003)",0.0,yes
7301,14000000000.0,"(0.58999999999999997, 75.170000000000002, 56.299999999999997)",0.0,yes
7349,14000000000.0,"(33.439999999999998, 62.280000000000001, 140.71000000000001)",0.0,yes
7389,14000000000.0,"(32.920000000000002, 141.00999999999999, 69.159999999999997)",0.0,yes
7418,14000000000.0,"(27.850000000000001, 0.58999999999999997, 24.059999999999999)",0.0,yes
7474,14000000000.0,"(132.52000000000001, 34.25, 141.12)",0.0,yes
7493,14000000000.0,"(96.269999999999996, 13.970000000000001, 0.73999999999999999)",0.0,yes
7497,42000000000.0,"(140.69666666666666, 62.373333333333335, 112.86333333333334)",0.328937684068,yes
7503,14000000000.0,"(140.84999999999999, 62.039999999999999, 99.519999999999996)",0.0,yes
7540,14000000000.0,"(41.039999999999999, 78.359999999999999, 0.34999999999999998)",0.0,yes
7615,14000000000.0,"(0.34999999999999998, 100.47, 32.140000000000001)",0.0,yes
7687,84000000000.0,"(140.32833333333332, 67.950000000000003, 71.11333333333333)",0.617227222702,yes
7737,14000000000.0,"(98.819999999999993, 140.61000000000001, 38.329999999999998)",0.0,yes
7809,14000000000.0,"(0.01, 52.640000000000001, 66.069999999999993)",0.0,yes
7823,14000000000.0,"(0.34999999999999998, 127.47, 101.19)",0.0,yes
7831,28000000000.0,"(48.32, 5.1449999999999996, 140.72499999999999)",0.025495097568,yes
7847,42000000000.0,"(64.819999999999993, 90.949999999999989, 140.56999999999999)",0.285657137142,yes
7848,14000000000.0,"(30.260000000000002, 140.71000000000001, 50.0)",0.0,yes
7862,14000000000.0,"(17.449999999999999, 54.890000000000001, 0.55000000000000004)",0.0,yes
7868,28000000000.0,"(77.689999999999998, 10.945, 140.655)",0.325038459263,yes
7891,14000000000.0,"(135.28999999999999, 107.55, 141.09)",0.0,yes
7914,14000000000.0,"(134.25999999999999, 0.58999999999999997, 94.469999999999999)",0.0,yes
7936,14000000000.0,"(62.240000000000002, 140.58000000000001, 10.279999999999999)",0.0,yes
7964,70000000000.0,"(0.71599999999999997, 53.609999999999992, 59.700000000000003)",0.424998823528,yes
7988,14000000000.0,"(47.549999999999997, 57.719999999999999, 141.22)",0.0,yes
8001,84000000000.0,"(77.945000000000007, 0.375, 27.62833333333333)",0.201404788644,yes
8009,14000000000.0,"(56.229999999999997, 0.73999999999999999, 128.59999999999999)",0.0,yes
8059,84000000000.0,"(136.66666666666666, 140.99333333333331, 80.168333333333322)",0.262789522876,yes
8134,14000000000.0,"(26.84, 89.060000000000002, 0.12)",0.0,yes
8156,14000000000.0,"(0.38, 40.229999999999997, 40.450000000000003)",0.0,yes
8158,14000000000.0,"(91.159999999999997, 0.51000000000000001, 55.359999999999999)",0.0,yes
8167,14000000000.0,"(0.059999999999999998, 55.530000000000001, 140.05000000000001)",0.0,yes
8184,28000000000.0,"(61.280000000000001, 0.42999999999999999, 11.545)",0.318158765399,yes
8204,14000000000.0,"(140.81, 84.719999999999999, 44.810000000000002)",0.0,yes
8219,70000000000.0,"(140.81, 113.292, 41.579999999999998)",0.386802275071,yes
8228,14000000000.0,"(0.10000000000000001, 108.20999999999999, 22.440000000000001)",0.0,yes
8252,14000000000.0,"(127.91, 0.48999999999999999, 16.18)",0.0,yes
8269,42000000000.0,"(23.469999999999999, 91.966666666666654, 0.66666666666666663)",0.238420729897,yes
8301,14000000000.0,"(31.609999999999999, 88.060000000000002, 0.75)",0.0,yes
8308,14000000000.0,"(0.56999999999999995, 72.760000000000005, 38.960000000000001)",0.0,yes
8321,14000000000.0,"(38.939999999999998, 0.68999999999999995, 102.79000000000001)",0.0,yes
8327,70000000000.0,"(99.450000000000003, 0.53000000000000003, 95.378)",0.429948834165,yes
8371,28000000000.0,"(30.004999999999999, 140.965, 24.825000000000003)",0.241816045787,yes
8374,28000000000.0,"(49.269999999999996, 59.849999999999994, 140.91)",0.355246393367,yes
8383,14000000000.0,"(140.65000000000001, 138.53999999999999, 123.04000000000001)",0.0,yes
8426,14000000000.0,"(81.609999999999999, 140.91999999999999, 33.890000000000001)",0.0,yes
8428,14000000000.0,"(88.200000000000003, 89.140000000000001, 140.78)",0.0,yes
8440,14000000000.0,"(40.359999999999999, 140.75999999999999, 132.71000000000001)",0.0,yes
8473,14000000000.0,"(141.09, 137.44, 25.539999999999999)",0.0,yes
8481,14000000000.0,"(115.79000000000001, 78.069999999999993, 140.63999999999999)",0.0,yes
8483,14000000000.0,"(0.62, 90.200000000000003, 134.86000000000001)",0.0,yes
8508,14000000000.0,"(26.890000000000001, 0.20000000000000001, 90.879999999999995)",0.0,yes
8531,42000000000.0,"(53.396666666666668, 54.840000000000003, 141.09999999999999)",0.318991466274,yes
8538,14000000000.0,"(105.29000000000001, 0.01, 42.450000000000003)",0.0,yes
8544,14000000000.0,"(103.17, 58.799999999999997, 141.15000000000001)",0.0,yes
8556,112000000000.0,"(0.95874999999999988, 72.996250000000003, 49.131250000000001)",0.301654293024,yes
8571,14000000000.0,"(133.16, 141.19999999999999, 81.390000000000001)",0.0,yes
8605,14000000000.0,"(135.09, 0.070000000000000007, 94.379999999999995)",0.0,yes
8653,14000000000.0,"(0.32000000000000001, 123.98, 112.12)",0.0,yes
8667,28000000000.0,"(4.2300000000000004, 45.325000000000003, 140.82999999999998)",0.36142080737,yes
8672,14000000000.0,"(12.43, 23.440000000000001, 0.42999999999999999)",0.0,yes
8678,70000000000.0,"(56.537999999999997, 0.13400000000000001, 125.178)",0.510975537575,yes
8726,28000000000.0,"(141.26999999999998, 125.52500000000001, 73.569999999999993)",0.0364005494464,yes
8732,28000000000.0,"(34.259999999999998, 0.71999999999999997, 74.575000000000003)",0.225887139962,yes
8787,14000000000.0,"(140.80000000000001, 111.15000000000001, 137.40000000000001)",0.0,yes
8798,42000000000.0,"(0.55666666666666664, 101.66000000000001, 9.1899999999999995)",0.350935258353,yes
8803,14000000000.0,"(140.80000000000001, 93.170000000000002, 81.010000000000005)",0.0,yes
8837,14000000000.0,"(0.51000000000000001, 70.480000000000004, 10.91)",0.0,yes
8851,28000000000.0,"(94.129999999999995, 0.34999999999999998, 8.1999999999999993)",0.0707106781187,yes
8856,14000000000.0,"(107.08, 0.34000000000000002, 21.68)",0.0,yes
8857,28000000000.0,"(74.969999999999999, 129.24000000000001, 0.38)",0.12409673646,yes
8870,14000000000.0,"(123.16, 141.06999999999999, 21.800000000000001)",0.0,yes
8898,14000000000.0,"(115.11, 100.41, 140.91)",0.0,yes
8902,14000000000.0,"(0.089999999999999997, 87.519999999999996, 56.369999999999997)",0.0,yes
8907,14000000000.0,"(0.46000000000000002, 121.93000000000001, 25.649999999999999)",0.0,yes
8938,14000000000.0,"(0.37, 73.269999999999996, 14.4)",0.0,yes
8955,14000000000.0,"(22.399999999999999, 118.58, 0.22)",0.0,yes
8966,14000000000.0,"(80.790000000000006, 102.14, 0.14999999999999999)",0.0,yes
8973,14000000000.0,"(38.460000000000001, 120.97, 0.46999999999999997)",0.0,yes
8994,14000000000.0,"(0.25, 104.84999999999999, 23.73)",0.0,yes
9009,14000000000.0,"(98.450000000000003, 12.140000000000001, 140.59)",0.0,yes
9026,14000000000.0,"(63.32, 84.959999999999994, 140.88)",0.0,yes
9044,14000000000.0,"(30.98, 121.90000000000001, 141.22999999999999)",0.0,yes
9056,14000000000.0,"(137.63999999999999, 0.01, 35.219999999999999)",0.0,yes
9060,14000000000.0,"(0.34000000000000002, 52.0, 1.28)",0.0,yes
9063,14000000000.0,"(60.009999999999998, 19.129999999999999, 0.13)",0.0,yes
9065,14000000000.0,"(8.9700000000000006, 121.88, 140.91999999999999)",0.0,yes
9101,14000000000.0,"(13.789999999999999, 141.19, 82.069999999999993)",0.0,yes
9114,14000000000.0,"(41.890000000000001, 132.78999999999999, 141.28)",0.0,yes
9126,14000000000.0,"(90.780000000000001, 0.53000000000000003, 41.969999999999999)",0.0,yes
9134,70000000000.0,"(140.74600000000001, 110.38800000000001, 80.201999999999998)",0.299959997333,yes
9165,14000000000.0,"(140.99000000000001, 134.22, 101.5)",0.0,yes
9207,14000000000.0,"(141.13, 78.510000000000005, 106.48)",0.0,yes
9212,14000000000.0,"(113.05, 113.12, 0.0)",0.0,yes
9252,14000000000.0,"(137.53999999999999, 94.120000000000005, 0.55000000000000004)",0.0,yes
9258,14000000000.0,"(1.9099999999999999, 140.77000000000001, 83.519999999999996)",0.0,yes
9263,14000000000.0,"(65.540000000000006, 0.58999999999999997, 45.979999999999997)",0.0,yes
9268,28000000000.0,"(93.265000000000001, 0.78000000000000003, 23.609999999999999)",0.136839321834,yes
9302,28000000000.0,"(140.88499999999999, 52.515000000000001, 100.735)",0.12835497653,yes
9312,14000000000.0,"(0.41999999999999998, 125.63, 20.66)",0.0,yes
9318,42000000000.0,"(115.27, 140.95000000000002, 12.443333333333333)",0.133249973942,yes
9353,14000000000.0,"(104.98, 140.97999999999999, 49.850000000000001)",0.0,yes
9365,14000000000.0,"(54.520000000000003, 140.55000000000001, 13.789999999999999)",0.0,yes
9407,14000000000.0,"(56.859999999999999, 0.71999999999999997, 1.8600000000000001)",0.0,yes
9408,14000000000.0,"(141.22, 77.480000000000004, 28.09)",0.0,yes
9421,14000000000.0,"(19.140000000000001, 75.079999999999998, 0.72999999999999998)",0.0,yes
9473,14000000000.0,"(50.289999999999999, 58.100000000000001, 140.91999999999999)",0.0,yes
9504,14000000000.0,"(141.09999999999999, 61.57, 12.84)",0.0,yes
9513,14000000000.0,"(78.5, 126.36, 0.40999999999999998)",0.0,yes
9530,98000000000.0,"(95.172857142857154, 0.6757142857142856, 22.408571428571431)",0.531896875075,yes
9554,14000000000.0,"(98.189999999999998, 48.710000000000001, 0.01)",0.0,yes
9555,14000000000.0,"(0.54000000000000004, 54.259999999999998, 89.329999999999998)",0.0,yes
9571,28000000000.0,"(44.335000000000001, 65.754999999999995, 140.98500000000001)",0.363696301878,yes
9583,14000000000.0,"(0.080000000000000002, 61.07, 121.64)",0.0,yes
9621,28000000000.0,"(67.164999999999992, 140.53, 112.545)",0.225499445676,yes
9670,14000000000.0,"(55.530000000000001, 140.75, 45.75)",0.0,yes
9690,14000000000.0,"(140.91999999999999, 90.739999999999995, 26.949999999999999)",0.0,yes
9735,14000000000.0,"(141.06, 127.58, 105.73)",0.0,yes
9737,14000000000.0,"(16.010000000000002, 0.45000000000000001, 83.939999999999998)",0.0,yes
9761,14000000000.0,"(0.5, 42.5, 107.23)",0.0,yes
9846,14000000000.0,"(21.690000000000001, 96.969999999999999, 140.59)",0.0,yes
9880,14000000000.0,"(15.65, 96.409999999999997, 0.27000000000000002)",0.0,yes
9905,28000000000.0,"(0.19500000000000001, 99.280000000000001, 31.395)",0.205548047911,yes
9908,28000000000.0,"(111.25999999999999, 141.05000000000001, 90.784999999999997)",0.255978514723,yes
9952,14000000000.0,"(19.809999999999999, 0.59999999999999998, 12.44)",0.0,yes
9953,14000000000.0,"(118.31, 140.58000000000001, 104.13)",0.0,yes
9990,42000000000.0,"(140.80333333333337, 91.613333333333344, 113.37)",0.34772275035,yes
10034,14000000000.0,"(73.680000000000007, 70.019999999999996, 140.81999999999999)",0.0,yes
10043,14000000000.0,"(129.50999999999999, 123.43000000000001, 140.66999999999999)",0.0,yes
10060,14000000000.0,"(0.20000000000000001, 75.780000000000001, 131.40000000000001)",0.0,yes
10114,14000000000.0,"(30.699999999999999, 58.890000000000001, 0.45000000000000001)",0.0,yes
10132,14000000000.0,"(134.12, 92.829999999999998, 0.65000000000000002)",0.0,yes
10138,14000000000.0,"(33.479999999999997, 0.68000000000000005, 73.700000000000003)",0.0,yes
10166,14000000000.0,"(25.530000000000001, 75.379999999999995, 141.25)",0.0,yes
10189,14000000000.0,"(106.23, 140.72, 11.619999999999999)",0.0,yes
10207,14000000000.0,"(59.07, 0.32000000000000001, 83.950000000000003)",0.0,yes
10244,14000000000.0,"(82.890000000000001, 0.73999999999999999, 104.47)",0.0,yes
10288,42000000000.0,"(102.54000000000001, 140.84333333333333, 94.846666666666678)",0.24106246309,yes
10325,14000000000.0,"(41.229999999999997, 85.310000000000002, 140.66999999999999)",0.0,yes
10330,14000000000.0,"(100.37, 0.23000000000000001, 84.450000000000003)",0.0,yes
10360,14000000000.0,"(15.380000000000001, 130.53999999999999, 140.59999999999999)",0.0,yes
10361,14000000000.0,"(68.849999999999994, 0.34000000000000002, 59.640000000000001)",0.0,yes
10364,14000000000.0,"(131.11000000000001, 89.099999999999994, 0.12)",0.0,yes
10387,28000000000.0,"(141.20999999999998, 89.414999999999992, 69.965000000000003)",0.032403703492,yes
10406,28000000000.0,"(18.535, 94.204999999999998, 140.46499999999997)",0.141686273153,yes
10419,14000000000.0,"(67.640000000000001, 0.02, 52.479999999999997)",0.0,yes
10446,14000000000.0,"(138.08000000000001, 115.94, 141.15000000000001)",0.0,yes
10502,14000000000.0,"(117.76000000000001, 0.48999999999999999, 120.06)",0.0,yes
10547,14000000000.0,"(0.26000000000000001, 73.560000000000002, 50.0)",0.0,yes
10570,28000000000.0,"(14.934999999999999, 140.91, 23.734999999999999)",0.130192165663,yes
10594,14000000000.0,"(116.95, 103.88, 141.00999999999999)",0.0,yes
10596,14000000000.0,"(141.19999999999999, 53.18, 64.269999999999996)",0.0,yes
10605,14000000000.0,"(130.44999999999999, 105.41, 0.47999999999999998)",0.0,yes
10624,14000000000.0,"(97.219999999999999, 0.02, 140.62)",0.0,yes
10684,14000000000.0,"(85.859999999999999, 0.029999999999999999, 36.020000000000003)",0.0,yes
10748,14000000000.0,"(45.340000000000003, 122.38, 0.20999999999999999)",0.0,yes
10766,14000000000.0,"(33.020000000000003, 140.56999999999999, 95.799999999999997)",0.0,yes
10788,14000000000.0,"(39.990000000000002, 141.25999999999999, 62.93)",0.0,yes
10789,14000000000.0,"(139.53, 103.95999999999999, 140.87)",0.0,yes
10823,14000000000.0,"(41.060000000000002, 0.089999999999999997, 115.47)",0.0,yes
10836,14000000000.0,"(106.66, 140.91999999999999, 87.530000000000001)",0.0,yes
10926,14000000000.0,"(0.01, 96.909999999999997, 93.620000000000005)",0.0,yes
10979,14000000000.0,"(57.840000000000003, 49.340000000000003, 0.51000000000000001)",0.0,yes
10981,14000000000.0,"(134.34, 41.07, 140.59999999999999)",0.0,yes
11002,14000000000.0,"(140.97999999999999, 57.030000000000001, 16.280000000000001)",0.0,yes
11009,14000000000.0,"(36.479999999999997, 120.88, 0.29999999999999999)",0.0,yes
11022,14000000000.0,"(0.27000000000000002, 76.079999999999998, 60.909999999999997)",0.0,yes
11037,28000000000.0,"(66.219999999999999, 140.59999999999999, 47.075000000000003)",0.0427200187266,yes
11067,14000000000.0,"(17.75, 86.629999999999995, 0.11)",0.0,yes
11146,14000000000.0,"(58.420000000000002, 18.16, 0.31)",0.0,yes
11224,14000000000.0,"(79.079999999999998, 0.62, 6.9000000000000004)",0.0,yes
11310,14000000000.0,"(0.40999999999999998, 123.79000000000001, 3.71)",0.0,yes
11360,14000000000.0,"(23.809999999999999, 92.290000000000006, 140.88999999999999)",0.0,yes
11372,14000000000.0,"(119.94, 81.579999999999998, 0.23999999999999999)",0.0,yes
11380,28000000000.0,"(140.17000000000002, 0.58999999999999997, 78.319999999999993)",0.0374165738677,yes
11399,28000000000.0,"(0.44500000000000001, 45.409999999999997, 134.80500000000001)",0.187483332593,yes
11402,14000000000.0,"(92.129999999999995, 0.17000000000000001, 11.699999999999999)",0.0,yes
11413,28000000000.0,"(96.510000000000005, 140.95499999999998, 20.875)",0.202607995894,yes
11419,42000000000.0,"(68.790000000000006, 5.7166666666666659, 140.47333333333333)",0.321835016395,yes
11449,56000000000.0,"(138.19499999999999, 123.41500000000001, 0.755)",0.241609188567,yes
11464,14000000000.0,"(44.609999999999999, 140.91999999999999, 61.950000000000003)",0.0,yes
11491,14000000000.0,"(29.359999999999999, 0.76000000000000001, 83.549999999999997)",0.0,yes
11512,14000000000.0,"(62.909999999999997, 57.509999999999998, 141.21000000000001)",0.0,yes
11526,14000000000.0,"(17.859999999999999, 30.440000000000001, 0.029999999999999999)",0.0,yes
11584,14000000000.0,"(62.380000000000003, 98.099999999999994, 0.32000000000000001)",0.0,yes
11687,56000000000.0,"(48.010000000000005, 62.600000000000001, 0.89250000000000007)",0.272247589521,yes
11709,14000000000.0,"(96.469999999999999, 0.56000000000000005, 19.43)",0.0,yes
11744,14000000000.0,"(62.829999999999998, 0.31, 64.680000000000007)",0.0,yes
11757,14000000000.0,"(0.31, 16.32, 65.980000000000004)",0.0,yes
11823,14000000000.0,"(27.93, 140.94999999999999, 84.980000000000004)",0.0,yes
11849,28000000000.0,"(140.77500000000001, 49.769999999999996, 99.620000000000005)",0.300208261046,yes
11859,28000000000.0,"(100.60499999999999, 105.44499999999999, 141.155)",0.27290108098,yes
11865,14000000000.0,"(0.63, 3.8500000000000001, 89.239999999999995)",0.0,yes
11888,14000000000.0,"(0.63, 52.619999999999997, 3.02)",0.0,yes
11897,42000000000.0,"(38.580000000000005, 140.71666666666667, 75.453333333333333)",0.102198064778,yes
11909,14000000000.0,"(135.31999999999999, 38.799999999999997, 0.63)",0.0,yes
11934,14000000000.0,"(0.29999999999999999, 136.0, 89.609999999999999)",0.0,yes
12031,14000000000.0,"(64.840000000000003, 141.13, 18.440000000000001)",0.0,yes
12039,14000000000.0,"(131.66, 140.99000000000001, 52.560000000000002)",0.0,yes
12041,14000000000.0,"(23.98, 0.10000000000000001, 111.2)",0.0,yes
12054,56000000000.0,"(124.2675, 115.90000000000001, 0.38750000000000001)",0.202330175703,yes
12071,14000000000.0,"(130.28999999999999, 42.259999999999998, 140.69)",0.0,yes
12096,14000000000.0,"(51.880000000000003, 50.289999999999999, 140.99000000000001)",0.0,yes
12130,28000000000.0,"(0.155, 70.459999999999994, 20.219999999999999)",0.334850713005,yes
12158,14000000000.0,"(76.060000000000002, 140.81, 31.170000000000002)",0.0,yes
12188,14000000000.0,"(94.700000000000003, 0.02, 121.0)",0.0,yes
12202,14000000000.0,"(44.649999999999999, 68.549999999999997, 0.48999999999999999)",0.0,yes
12243,14000000000.0,"(140.61000000000001, 89.299999999999997, 28.030000000000001)",0.0,yes
12260,14000000000.0,"(87.459999999999994, 121.58, 0.41999999999999998)",0.0,yes
12280,14000000000.0,"(115.95, 0.23999999999999999, 60.109999999999999)",0.0,yes
12289,14000000000.0,"(0.23000000000000001, 64.510000000000005, 38.409999999999997)",0.0,yes
12303,14000000000.0,"(106.62, 68.920000000000002, 141.13)",0.0,yes
12314,14000000000.0,"(57.549999999999997, 141.30000000000001, 34.960000000000001)",0.0,yes
12338,28000000000.0,"(19.850000000000001, 140.44999999999999, 54.060000000000002)",0.167630546142,yes
12345,14000000000.0,"(141.02000000000001, 36.689999999999998, 44.869999999999997)",0.0,yes
12391,14000000000.0,"(0.11, 138.47, 56.990000000000002)",0.0,yes
12400,14000000000.0,"(112.16, 102.28, 140.84999999999999)",0.0,yes
12404,14000000000.0,"(60.219999999999999, 141.09, 123.38)",0.0,yes
12428,14000000000.0,"(0.55000000000000004, 37.549999999999997, 2.3199999999999998)",0.0,yes
12434,14000000000.0,"(99.879999999999995, 41.700000000000003, 0.35999999999999999)",0.0,yes
12470,14000000000.0,"(53.460000000000001, 13.029999999999999, 140.61000000000001)",0.0,yes
12496,14000000000.0,"(41.009999999999998, 132.62, 0.40999999999999998)",0.0,yes
12498,14000000000.0,"(128.19, 95.840000000000003, 0.12)",0.0,yes
12575,42000000000.0,"(103.53333333333335, 0.89666666666666661, 124.66333333333334)",0.285773803325,yes
12619,42000000000.0,"(0.64333333333333331, 60.136666666666663, 52.433333333333337)",0.330555088702,yes
12622,14000000000.0,"(0.66000000000000003, 47.479999999999997, 57.890000000000001)",0.0,yes
12638,14000000000.0,"(0.46000000000000002, 99.739999999999995, 5.3899999999999997)",0.0,yes
12652,14000000000.0,"(92.299999999999997, 141.13, 11.68)",0.0,yes
12687,14000000000.0,"(92.650000000000006, 140.72, 78.489999999999995)",0.0,yes
12704,14000000000.0,"(104.55, 90.090000000000003, 0.37)",0.0,yes
12711,14000000000.0,"(0.57999999999999996, 114.88, 31.600000000000001)",0.0,yes
12793,14000000000.0,"(51.899999999999999, 139.47999999999999, 141.06)",0.0,yes
12832,14000000000.0,"(28.68, 0.17999999999999999, 86.959999999999994)",0.0,yes
12912,56000000000.0,"(0.24249999999999999, 79.929999999999993, 84.9375)",0.312069703752,yes
12929,14000000000.0,"(51.420000000000002, 141.22999999999999, 51.439999999999998)",0.0,yes
12963,14000000000.0,"(91.590000000000003, 53.649999999999999, 141.25999999999999)",0.0,yes
12967,14000000000.0,"(24.809999999999999, 0.0, 67.060000000000002)",0.0,yes
13003,28000000000.0,"(0.73499999999999999, 45.32, 137.06)",0.054083269132,yes
13009,14000000000.0,"(42.719999999999999, 0.080000000000000002, 73.769999999999996)",0.0,yes
13041,14000000000.0,"(96.349999999999994, 140.81999999999999, 18.82)",0.0,yes
13043,14000000000.0,"(141.22999999999999, 67.060000000000002, 69.480000000000004)",0.0,yes
13080,42000000000.0,"(32.896666666666668, 122.28000000000002, 0.23666666666666669)",0.169246696997,yes
13096,14000000000.0,"(0.31, 101.64, 116.65000000000001)",0.0,yes
13100,14000000000.0,"(140.65000000000001, 83.859999999999999, 34.039999999999999)",0.0,yes
13125,14000000000.0,"(20.629999999999999, 0.65000000000000002, 131.31999999999999)",0.0,yes
13138,14000000000.0,"(0.0, 104.19, 62.219999999999999)",0.0,yes
13152,28000000000.0,"(0.41500000000000004, 122.74000000000001, 95.584999999999994)",0.268421310629,yes
13176,14000000000.0,"(0.13, 92.959999999999994, 19.079999999999998)",0.0,yes
13244,14000000000.0,"(49.609999999999999, 124.2, 0.040000000000000001)",0.0,yes
13245,14000000000.0,"(101.95999999999999, 53.829999999999998, 0.76000000000000001)",0.0,yes
13281,14000000000.0,"(34.219999999999999, 0.26000000000000001, 75.459999999999994)",0.0,yes
13312,14000000000.0,"(141.22999999999999, 130.19999999999999, 14.789999999999999)",0.0,yes
13329,14000000000.0,"(74.849999999999994, 141.28, 52.979999999999997)",0.0,yes
13336,28000000000.0,"(0.34999999999999998, 59.334999999999994, 87.340000000000003)",0.117579760163,yes
13344,28000000000.0,"(115.11, 105.70999999999999, 141.10000000000002)",0.208566536146,yes
13361,14000000000.0,"(140.71000000000001, 45.939999999999998, 134.83000000000001)",0.0,yes
13365,14000000000.0,"(69.280000000000001, 136.68000000000001, 0.01)",0.0,yes
13403,14000000000.0,"(88.819999999999993, 54.729999999999997, 0.39000000000000001)",0.0,yes
13429,14000000000.0,"(28.559999999999999, 0.11, 51.850000000000001)",0.0,yes
13448,14000000000.0,"(0.45000000000000001, 117.87, 100.66)",0.0,yes
13457,14000000000.0,"(14.69, 89.060000000000002, 140.61000000000001)",0.0,yes
13514,14000000000.0,"(70.109999999999999, 0.51000000000000001, 138.08000000000001)",0.0,yes
13518,14000000000.0,"(140.99000000000001, 110.91, 129.84)",0.0,yes
13520,14000000000.0,"(126.81999999999999, 141.13, 47.310000000000002)",0.0,yes
13527,28000000000.0,"(0.53499999999999992, 1.0549999999999999, 21.120000000000001)",0.354330354331,yes
13570,14000000000.0,"(5.5300000000000002, 0.26000000000000001, 84.549999999999997)",0.0,yes
13586,28000000000.0,"(109.30500000000001, 108.59, 140.755)",0.0187082869339,yes
13596,14000000000.0,"(141.13999999999999, 115.67, 19.16)",0.0,yes
13637,14000000000.0,"(38.189999999999998, 67.75, 0.39000000000000001)",0.0,yes
13659,14000000000.0,"(141.15000000000001, 83.540000000000006, 34.890000000000001)",0.0,yes
13670,14000000000.0,"(0.52000000000000002, 55.270000000000003, 107.66)",0.0,yes
13679,14000000000.0,"(62.149999999999999, 0.14000000000000001, 55.469999999999999)",0.0,yes
13691,14000000000.0,"(101.69, 129.44, 141.06)",0.0,yes
13726,14000000000.0,"(50.07, 60.600000000000001, 0.64000000000000001)",0.0,yes
13729,14000000000.0,"(21.100000000000001, 45.130000000000003, 140.94999999999999)",0.0,yes
13781,14000000000.0,"(0.29999999999999999, 73.030000000000001, 42.950000000000003)",0.0,yes
13788,70000000000.0,"(76.86999999999999, 55.831999999999994, 0.11200000000000002)",0.448410526192,yes
13832,56000000000.0,"(140.995, 139.0275, 25.409999999999997)",0.538092696475,yes
13860,14000000000.0,"(67.689999999999998, 0.02, 19.449999999999999)",0.0,yes
13913,14000000000.0,"(86.969999999999999, 0.70999999999999996, 20.18)",0.0,yes
14015,14000000000.0,"(0.23000000000000001, 122.64, 99.969999999999999)",0.0,yes
14021,28000000000.0,"(93.575000000000003, 110.69499999999999, 140.81)",0.30024989592,yes
14052,56000000000.0,"(28.962499999999999, 0.59999999999999998, 85.699999999999989)",0.311638813372,yes
14059,28000000000.0,"(27.18, 141.065, 63.93)",0.0460977222865,yes
14063,14000000000.0,"(62.740000000000002, 135.84999999999999, 0.73999999999999999)",0.0,yes
14088,42000000000.0,"(76.316666666666663, 140.97333333333333, 54.930000000000007)",0.181964587519,yes
14126,14000000000.0,"(130.11000000000001, 140.59999999999999, 79.519999999999996)",0.0,yes
14146,14000000000.0,"(133.72999999999999, 35.619999999999997, 0.28999999999999998)",0.0,yes
14243,14000000000.0,"(140.81999999999999, 44.909999999999997, 54.960000000000001)",0.0,yes
14281,14000000000.0,"(49.600000000000001, 59.140000000000001, 141.16)",0.0,yes
14371,14000000000.0,"(16.390000000000001, 0.20999999999999999, 23.469999999999999)",0.0,yes
14403,14000000000.0,"(54.880000000000003, 140.78999999999999, 139.56)",0.0,yes
14475,14000000000.0,"(98.629999999999995, 46.759999999999998, 0.33000000000000002)",0.0,yes
14478,14000000000.0,"(94.670000000000002, 0.14999999999999999, 94.189999999999998)",0.0,yes
14492,14000000000.0,"(29.670000000000002, 89.269999999999996, 0.23000000000000001)",0.0,yes
14503,14000000000.0,"(135.41999999999999, 36.060000000000002, 0.37)",0.0,yes
14516,14000000000.0,"(61.109999999999999, 141.12, 9.4700000000000006)",0.0,yes
14553,14000000000.0,"(22.030000000000001, 0.25, 77.680000000000007)",0.0,yes
14589,14000000000.0,"(51.460000000000001, 0.57999999999999996, 66.329999999999998)",0.0,yes
14591,14000000000.0,"(66.219999999999999, 40.890000000000001, 140.75)",0.0,yes
14663,14000000000.0,"(97.439999999999998, 0.5, 19.870000000000001)",0.0,yes
14705,56000000000.0,"(132.98250000000002, 122.25999999999999, 140.44499999999999)",0.404590842704,yes
14749,14000000000.0,"(117.67, 36.450000000000003, 140.68000000000001)",0.0,yes
14779,14000000000.0,"(111.31999999999999, 106.20999999999999, 141.27000000000001)",0.0,yes
14825,14000000000.0,"(59.619999999999997, 0.059999999999999998, 55.710000000000001)",0.0,yes
14861,14000000000.0,"(59.460000000000001, 0.31, 84.980000000000004)",0.0,yes
14934,14000000000.0,"(60.509999999999998, 140.59999999999999, 139.09)",0.0,yes
14950,14000000000.0,"(14.23, 0.35999999999999999, 76.640000000000001)",0.0,yes
14990,14000000000.0,"(2.9300000000000002, 102.69, 141.13)",0.0,yes
14994,56000000000.0,"(101.56250000000001, 35.770000000000003, 140.63)",0.132923850381,yes
15002,28000000000.0,"(67.460000000000008, 22.129999999999999, 140.50999999999999)",0.319687347263,yes
15106,14000000000.0,"(141.22999999999999, 89.239999999999995, 83.620000000000005)",0.0,yes
15108,14000000000.0,"(62.579999999999998, 37.299999999999997, 141.28)",0.0,yes
15118,14000000000.0,"(0.68000000000000005, 58.539999999999999, 63.460000000000001)",0.0,yes
15121,14000000000.0,"(138.30000000000001, 43.969999999999999, 0.34000000000000002)",0.0,yes
15127,28000000000.0,"(128.48000000000002, 102.52500000000001, 140.89499999999998)",0.141244468918,yes
15223,42000000000.0,"(104.96666666666665, 140.92666666666665, 66.839999999999989)",0.285501508072,yes
15268,28000000000.0,"(135.87, 43.854999999999997, 140.935)",0.319139467945,yes
15335,14000000000.0,"(54.640000000000001, 54.630000000000003, 0.14999999999999999)",0.0,yes
15342,14000000000.0,"(128.30000000000001, 103.47, 141.09999999999999)",0.0,yes
15346,14000000000.0,"(62.280000000000001, 0.34999999999999998, 91.969999999999999)",0.0,yes
15378,14000000000.0,"(55.280000000000001, 137.66999999999999, 0.46999999999999997)",0.0,yes
15423,14000000000.0,"(141.05000000000001, 67.219999999999999, 36.770000000000003)",0.0,yes
15435,42000000000.0,"(18.629999999999999, 30.786666666666665, 140.80333333333334)",0.0900617072407,yes
15458,14000000000.0,"(134.08000000000001, 35.170000000000002, 141.21000000000001)",0.0,yes
15489,14000000000.0,"(35.850000000000001, 110.43000000000001, 141.06)",0.0,yes
15547,14000000000.0,"(140.68000000000001, 101.25, 7.71)",0.0,yes
15550,14000000000.0,"(55.219999999999999, 0.76000000000000001, 140.93000000000001)",0.0,yes
15572,14000000000.0,"(141.25999999999999, 97.030000000000001, 121.20999999999999)",0.0,yes
15574,14000000000.0,"(0.10000000000000001, 5.8600000000000003, 80.370000000000005)",0.0,yes
15575,14000000000.0,"(52.039999999999999, 49.240000000000002, 140.91)",0.0,yes
15635,28000000000.0,"(93.379999999999995, 8.2399999999999984, 140.90000000000001)",0.0707106781187,yes
15643,14000000000.0,"(133.71000000000001, 0.11, 80.319999999999993)",0.0,yes
15681,14000000000.0,"(31.510000000000002, 0.17999999999999999, 84.079999999999998)",0.0,yes
15704,14000000000.0,"(41.789999999999999, 120.95, 140.93000000000001)",0.0,yes
15707,14000000000.0,"(35.520000000000003, 140.62, 112.58)",0.0,yes
15725,14000000000.0,"(0.73999999999999999, 90.510000000000005, 138.0)",0.0,yes
15735,14000000000.0,"(2.9900000000000002, 103.48999999999999, 140.58000000000001)",0.0,yes
15763,14000000000.0,"(111.84, 83.599999999999994, 0.76000000000000001)",0.0,yes
15779,14000000000.0,"(27.600000000000001, 88.120000000000005, 0.27000000000000002)",0.0,yes
15842,14000000000.0,"(35.380000000000003, 140.66, 82.560000000000002)",0.0,yes
15867,14000000000.0,"(141.15000000000001, 85.650000000000006, 118.7)",0.0,yes
15895,14000000000.0,"(25.059999999999999, 90.450000000000003, 0.57999999999999996)",0.0,yes
15957,14000000000.0,"(121.05, 97.730000000000004, 0.17000000000000001)",0.0,yes
16079,14000000000.0,"(29.920000000000002, 0.41999999999999998, 45.710000000000001)",0.0,yes
16080,14000000000.0,"(101.66, 53.0, 141.30000000000001)",0.0,yes
16105,28000000000.0,"(128.59999999999999, 140.55000000000001, 32.0)",0.280178514522,yes
16160,14000000000.0,"(0.67000000000000004, 104.91, 31.449999999999999)",0.0,yes
16174,14000000000.0,"(140.86000000000001, 66.370000000000005, 119.38)",0.0,yes
16192,14000000000.0,"(52.270000000000003, 124.06, 141.25)",0.0,yes
16258,14000000000.0,"(108.17, 141.09, 88.290000000000006)",0.0,yes
16266,28000000000.0,"(116.785, 99.165000000000006, 140.465)",0.130671343454,yes
16294,14000000000.0,"(94.430000000000007, 140.58000000000001, 35.640000000000001)",0.0,yes
16395,14000000000.0,"(67.299999999999997, 59.280000000000001, 141.13)",0.0,yes
16398,14000000000.0,"(32.210000000000001, 112.20999999999999, 140.81)",0.0,yes
16420,14000000000.0,"(140.63999999999999, 56.469999999999999, 27.760000000000002)",0.0,yes
16468,14000000000.0,"(0.28999999999999998, 86.090000000000003, 117.25)",0.0,yes
16474,14000000000.0,"(69.989999999999995, 140.77000000000001, 71.200000000000003)",0.0,yes
16522,14000000000.0,"(122.62, 140.94, 44.340000000000003)",0.0,yes
16552,14000000000.0,"(22.02, 32.490000000000002, 140.56)",0.0,yes
16611,14000000000.0,"(111.77, 0.25, 64.530000000000001)",0.0,yes
16680,42000000000.0,"(120.69333333333334, 103.07333333333334, 141.08666666666667)",0.134660065845,yes
16687,42000000000.0,"(23.150000000000002, 140.40333333333334, 56.926666666666669)",0.215664348262,yes
16691,14000000000.0,"(140.91, 32.340000000000003, 128.41)",0.0,yes
16719,14000000000.0,"(0.22, 102.13, 4.9100000000000001)",0.0,yes
16738,14000000000.0,"(69.030000000000001, 0.050000000000000003, 138.16999999999999)",0.0,yes
16753,14000000000.0,"(140.65000000000001, 78.150000000000006, 128.78999999999999)",0.0,yes
16754,14000000000.0,"(49.130000000000003, 125.25, 0.02)",0.0,yes
16778,14000000000.0,"(61.549999999999997, 0.050000000000000003, 80.019999999999996)",0.0,yes
16811,14000000000.0,"(118.93000000000001, 48.490000000000002, 141.16999999999999)",0.0,yes
16838,14000000000.0,"(102.87, 140.99000000000001, 106.70999999999999)",0.0,yes
16983,14000000000.0,"(116.02, 23.969999999999999, 140.62)",0.0,yes
17001,14000000000.0,"(111.51000000000001, 0.41999999999999998, 112.45)",0.0,yes
17046,14000000000.0,"(41.450000000000003, 140.83000000000001, 110.53)",0.0,yes
17079,14000000000.0,"(16.870000000000001, 128.72, 141.0)",0.0,yes
17108,14000000000.0,"(0.56000000000000005, 136.90000000000001, 68.680000000000007)",0.0,yes
17176,14000000000.0,"(104.34, 140.97, 67.870000000000005)",0.0,yes
17226,42000000000.0,"(0.81000000000000005, 73.533333333333331, 47.939999999999998)",0.445894855568,yes
17230,14000000000.0,"(108.17, 61.640000000000001, 140.88)",0.0,yes
17250,14000000000.0,"(104.68000000000001, 134.72, 0.62)",0.0,yes
17313,14000000000.0,"(66.390000000000001, 22.699999999999999, 0.17000000000000001)",0.0,yes
17353,14000000000.0,"(115.13, 0.64000000000000001, 127.81)",0.0,yes
17356,28000000000.0,"(40.489999999999995, 141.17500000000001, 59.325000000000003)",0.317096199914,yes
17418,14000000000.0,"(68.260000000000005, 48.229999999999997, 0.17999999999999999)",0.0,yes
17535,14000000000.0,"(129.30000000000001, 111.17, 140.71000000000001)",0.0,yes
17536,14000000000.0,"(52.950000000000003, 112.67, 140.71000000000001)",0.0,yes
17545,42000000000.0,"(99.569999999999993, 0.8566666666666668, 88.450000000000003)",0.25824191931,yes
17577,14000000000.0,"(107.8, 141.16, 65.280000000000001)",0.0,yes
17580,14000000000.0,"(45.299999999999997, 104.23999999999999, 140.72)",0.0,yes
17602,14000000000.0,"(19.27, 29.829999999999998, 140.66)",0.0,yes
17630,28000000000.0,"(141.09999999999999, 68.72999999999999, 1.3300000000000001)",0.180554700853,yes
17631,14000000000.0,"(138.56, 141.22, 79.829999999999998)",0.0,yes
17637,14000000000.0,"(60.450000000000003, 140.61000000000001, 138.27000000000001)",0.0,yes
17644,14000000000.0,"(15.789999999999999, 140.83000000000001, 57.740000000000002)",0.0,yes
17681,14000000000.0,"(140.69, 137.69999999999999, 79.069999999999993)",0.0,yes
17696,14000000000.0,"(66.340000000000003, 59.799999999999997, 140.81999999999999)",0.0,yes
17710,28000000000.0,"(0.22000000000000003, 0.64000000000000001, 78.794999999999987)",0.128937969582,yes
17714,14000000000.0,"(141.27000000000001, 140.59999999999999, 81.379999999999995)",0.0,yes
17717,14000000000.0,"(108.03, 108.04000000000001, 141.19999999999999)",0.0,yes
17773,14000000000.0,"(0.48999999999999999, 99.290000000000006, 30.41)",0.0,yes
17785,14000000000.0,"(24.16, 54.859999999999999, 0.11)",0.0,yes
17836,14000000000.0,"(4.9900000000000002, 72.959999999999994, 0.71999999999999997)",0.0,yes
17892,14000000000.0,"(65.280000000000001, 141.28999999999999, 77.340000000000003)",0.0,yes
17905,14000000000.0,"(123.23, 0.28999999999999998, 21.449999999999999)",0.0,yes
17914,14000000000.0,"(141.11000000000001, 31.239999999999998, 34.479999999999997)",0.0,yes
17995,14000000000.0,"(58.140000000000001, 140.83000000000001, 103.38)",0.0,yes
18071,14000000000.0,"(140.36000000000001, 125.70999999999999, 0.34999999999999998)",0.0,yes
18105,14000000000.0,"(36.950000000000003, 66.390000000000001, 140.84999999999999)",0.0,yes
18139,14000000000.0,"(1.1599999999999999, 66.739999999999995, 0.52000000000000002)",0.0,yes
18200,14000000000.0,"(110.84, 15.970000000000001, 141.11000000000001)",0.0,yes
18231,14000000000.0,"(39.43, 141.13999999999999, 24.109999999999999)",0.0,yes
18233,14000000000.0,"(110.11, 141.19, 63.119999999999997)",0.0,yes
18343,14000000000.0,"(19.699999999999999, 122.48, 0.32000000000000001)",0.0,yes
18344,14000000000.0,"(88.260000000000005, 54.530000000000001, 140.88999999999999)",0.0,yes
18395,14000000000.0,"(23.870000000000001, 0.10000000000000001, 83.180000000000007)",0.0,yes
18415,14000000000.0,"(0.51000000000000001, 59.579999999999998, 125.89)",0.0,yes
18465,14000000000.0,"(30.420000000000002, 140.53999999999999, 56.880000000000003)",0.0,yes
18485,14000000000.0,"(0.38, 70.840000000000003, 78.790000000000006)",0.0,yes
18574,14000000000.0,"(17.23, 43.600000000000001, 0.029999999999999999)",0.0,yes
18591,14000000000.0,"(140.66999999999999, 124.41, 119.86)",0.0,yes
18597,14000000000.0,"(140.99000000000001, 91.319999999999993, 33.670000000000002)",0.0,yes
18692,14000000000.0,"(0.41999999999999998, 95.980000000000004, 71.719999999999999)",0.0,yes
18728,14000000000.0,"(49.32, 59.659999999999997, 0.47999999999999998)",0.0,yes
18765,28000000000.0,"(93.275000000000006, 0.030000000000000002, 11.74)",0.322684056005,yes
18773,14000000000.0,"(135.58000000000001, 43.07, 0.40000000000000002)",0.0,yes
18798,28000000000.0,"(6.8149999999999995, 48.295000000000002, 0.73499999999999999)",0.362042815148,yes
18831,14000000000.0,"(63.950000000000003, 22.030000000000001, 141.06)",0.0,yes
18974,14000000000.0,"(47.289999999999999, 140.97, 104.61)",0.0,yes
18983,56000000000.0,"(52.234999999999999, 108.83749999999999, 140.76749999999998)",0.186982619513,yes
19050,14000000000.0,"(4.2000000000000002, 42.600000000000001, 0.40000000000000002)",0.0,yes
19061,14000000000.0,"(8.3800000000000008, 69.390000000000001, 140.75999999999999)",0.0,yes
19067,28000000000.0,"(140.88, 57.43, 111.14)",0.222261107709,yes
19069,14000000000.0,"(110.72, 0.57999999999999996, 40.219999999999999)",0.0,yes
19132,28000000000.0,"(42.870000000000005, 0.44499999999999995, 57.995000000000005)",0.071763500472,yes
19134,42000000000.0,"(61.853333333333332, 38.589999999999996, 140.52333333333331)",0.26579022639,yes
19147,14000000000.0,"(35.009999999999998, 140.97999999999999, 47.899999999999999)",0.0,yes
19189,14000000000.0,"(134.11000000000001, 0.059999999999999998, 79.209999999999994)",0.0,yes
19194,14000000000.0,"(140.44, 0.01, 82.510000000000005)",0.0,yes
19243,14000000000.0,"(56.640000000000001, 70.200000000000003, 140.59)",0.0,yes
19282,14000000000.0,"(141.28, 73.150000000000006, 52.399999999999999)",0.0,yes
19374,14000000000.0,"(18.190000000000001, 66.700000000000003, 0.39000000000000001)",0.0,yes
19377,14000000000.0,"(92.840000000000003, 101.59999999999999, 140.61000000000001)",0.0,yes
19464,14000000000.0,"(113.47, 103.0, 141.22)",0.0,yes
19494,42000000000.0,"(118.81, 0.13999999999999999, 64.343333333333334)",0.331494930412,yes
19510,14000000000.0,"(80.549999999999997, 0.37, 56.899999999999999)",0.0,yes
19516,14000000000.0,"(140.91999999999999, 24.649999999999999, 103.05)",0.0,yes
19553,28000000000.0,"(79.224999999999994, 75.069999999999993, 0.28000000000000003)",0.237960080686,yes
19567,14000000000.0,"(22.82, 120.34, 0.050000000000000003)",0.0,yes
19584,14000000000.0,"(83.010000000000005, 38.390000000000001, 0.02)",0.0,yes
19591,14000000000.0,"(73.969999999999999, 85.569999999999993, 0.35999999999999999)",0.0,yes
19632,14000000000.0,"(45.990000000000002, 140.88, 97.239999999999995)",0.0,yes
19636,56000000000.0,"(32.93, 59.045000000000002, 141.035)",0.356721179635,yes
19663,28000000000.0,"(119.69, 12.425000000000001, 0.13)",0.36142080737,yes
19664,14000000000.0,"(45.890000000000001, 0.29999999999999999, 82.829999999999998)",0.0,yes
19668,14000000000.0,"(55.600000000000001, 0.76000000000000001, 114.51000000000001)",0.0,yes
19672,14000000000.0,"(84.310000000000002, 0.45000000000000001, 101.19)",0.0,yes
19704,28000000000.0,"(0.27500000000000002, 51.5, 96.620000000000005)",0.339889687987,yes
19760,14000000000.0,"(98.459999999999994, 53.829999999999998, 0.63)",0.0,yes
19764,14000000000.0,"(140.66999999999999, 28.620000000000001, 39.369999999999997)",0.0,yes
19774,14000000000.0,"(140.71000000000001, 97.890000000000001, 17.629999999999999)",0.0,yes
19790,14000000000.0,"(118.59, 58.359999999999999, 141.19999999999999)",0.0,yes
19798,14000000000.0,"(0.34999999999999998, 56.880000000000003, 87.349999999999994)",0.0,yes
19850,14000000000.0,"(15.109999999999999, 102.33, 0.34999999999999998)",0.0,yes
19864,14000000000.0,"(94.040000000000006, 0.01, 10.85)",0.0,yes
19898,14000000000.0,"(0.37, 78.739999999999995, 85.739999999999995)",0.0,yes
19935,14000000000.0,"(0.64000000000000001, 71.359999999999999, 121.01000000000001)",0.0,yes
19948,14000000000.0,"(0.72999999999999998, 123.72, 24.399999999999999)",0.0,yes
19962,28000000000.0,"(112.31999999999999, 0.085000000000000006, 10.23)",0.108282039139,yes
19972,14000000000.0,"(119.47, 140.97999999999999, 111.79000000000001)",0.0,yes
19978,14000000000.0,"(140.69999999999999, 9.6699999999999999, 69.099999999999994)",0.0,yes
20052,14000000000.0,"(0.76000000000000001, 112.45, 83.459999999999994)",0.0,yes
20059,28000000000.0,"(0.59000000000000008, 5.2650000000000006, 87.094999999999999)",0.329165611813,yes
20060,56000000000.0,"(35.369999999999997, 64.580000000000013, 140.875)",0.335074618555,yes
20157,14000000000.0,"(141.28999999999999, 54.859999999999999, 55.060000000000002)",0.0,yes
20162,28000000000.0,"(30.835000000000001, 140.94999999999999, 42.469999999999999)",0.208146582965,yes
20213,14000000000.0,"(8.1400000000000006, 26.41, 0.64000000000000001)",0.0,yes
20225,14000000000.0,"(125.31, 0.20000000000000001, 71.239999999999995)",0.0,yes
20328,14000000000.0,"(33.229999999999997, 141.28, 81.730000000000004)",0.0,yes
20359,28000000000.0,"(0.88, 84.230000000000004, 49.219999999999999)",0.238537208838,yes
20385,14000000000.0,"(141.21000000000001, 52.079999999999998, 97.390000000000001)",0.0,yes
20395,42000000000.0,"(54.573333333333331, 131.74666666666667, 0.96333333333333326)",0.383318840306,yes
20401,14000000000.0,"(95.730000000000004, 141.16, 23.890000000000001)",0.0,yes
20410,14000000000.0,"(140.53, 141.09, 109.56999999999999)",0.0,yes
20412,42000000000.0,"(0.20666666666666667, 125.41333333333334, 73.709999999999994)",0.282921268986,yes
20427,14000000000.0,"(141.13999999999999, 87.859999999999999, 4.0300000000000002)",0.0,yes
20430,14000000000.0,"(85.209999999999994, 141.24000000000001, 29.859999999999999)",0.0,yes
20463,14000000000.0,"(52.0, 83.439999999999998, 0.46999999999999997)",0.0,yes
20519,28000000000.0,"(140.56, 102.56, 118.455)",0.16255768207,yes
20540,14000000000.0,"(103.38, 51.710000000000001, 0.20000000000000001)",0.0,yes
20592,14000000000.0,"(141.30000000000001, 55.380000000000003, 125.43000000000001)",0.0,yes
20603,14000000000.0,"(0.68999999999999995, 107.01000000000001, 127.09999999999999)",0.0,yes
20611,14000000000.0,"(54.729999999999997, 105.25, 140.91999999999999)",0.0,yes
20613,14000000000.0,"(138.02000000000001, 141.02000000000001, 35.490000000000002)",0.0,yes
20644,28000000000.0,"(0.29999999999999999, 73.510000000000005, 44.114999999999995)",0.278971324691,yes
20658,14000000000.0,"(58.159999999999997, 141.09, 137.50999999999999)",0.0,yes
20669,14000000000.0,"(7.0899999999999999, 73.769999999999996, 0.46999999999999997)",0.0,yes
20691,14000000000.0,"(141.25, 7.3200000000000003, 91.040000000000006)",0.0,yes
20738,14000000000.0,"(66.510000000000005, 0.35999999999999999, 33.18)",0.0,yes
20783,14000000000.0,"(140.56999999999999, 54.579999999999998, 95.599999999999994)",0.0,yes
20800,14000000000.0,"(141.22, 115.23999999999999, 5.4000000000000004)",0.0,yes
20811,14000000000.0,"(141.15000000000001, 104.89, 138.21000000000001)",0.0,yes
20842,14000000000.0,"(63.200000000000003, 140.66999999999999, 52.630000000000003)",0.0,yes
20873,14000000000.0,"(140.87, 70.400000000000006, 42.219999999999999)",0.0,yes
20889,14000000000.0,"(62.140000000000001, 140.53999999999999, 13.81)",0.0,yes
20891,28000000000.0,"(74.174999999999997, 129.85500000000002, 0.745)",0.179652442232,yes
20935,14000000000.0,"(0.27000000000000002, 85.379999999999995, 64.129999999999995)",0.0,yes
20979,14000000000.0,"(47.07, 45.210000000000001, 0.33000000000000002)",0.0,yes
20998,14000000000.0,"(0.28000000000000003, 3.3500000000000001, 53.719999999999999)",0.0,yes
21013,14000000000.0,"(102.20999999999999, 52.460000000000001, 0.12)",0.0,yes
21076,14000000000.0,"(60.780000000000001, 0.070000000000000007, 122.7)",0.0,yes
21129,14000000000.0,"(125.56999999999999, 0.19, 79.530000000000001)",0.0,yes
21152,14000000000.0,"(0.22, 104.47, 28.379999999999999)",0.0,yes
21176,14000000000.0,"(140.81, 98.709999999999994, 92.930000000000007)",0.0,yes
21233,14000000000.0,"(0.5, 81.129999999999995, 63.0)",0.0,yes
21237,14000000000.0,"(140.62, 136.78, 84.549999999999997)",0.0,yes
21248,14000000000.0,"(28.960000000000001, 0.60999999999999999, 88.189999999999998)",0.0,yes
21294,14000000000.0,"(136.75999999999999, 0.23000000000000001, 52.740000000000002)",0.0,yes
21302,14000000000.0,"(18.129999999999999, 52.670000000000002, 0.0)",0.0,yes
21315,14000000000.0,"(108.33, 140.62, 14.1)",0.0,yes
21329,28000000000.0,"(58.365000000000002, 0.85000000000000009, 3.915)",0.335931540645,yes
21336,14000000000.0,"(0.70999999999999996, 25.329999999999998, 59.439999999999998)",0.0,yes
21348,14000000000.0,"(113.95999999999999, 100.28, 0.73999999999999999)",0.0,yes
21350,28000000000.0,"(103.705, 141.19499999999999, 41.085000000000001)",0.0433012701892,yes
21390,14000000000.0,"(107.04000000000001, 140.87, 36.859999999999999)",0.0,yes
21407,14000000000.0,"(62.960000000000001, 114.93000000000001, 0.55000000000000004)",0.0,yes
21412,14000000000.0,"(0.029999999999999999, 57.619999999999997, 114.97)",0.0,yes
21427,14000000000.0,"(140.88, 128.96000000000001, 42.810000000000002)",0.0,yes
21471,14000000000.0,"(140.59, 126.0, 103.37)",0.0,yes
21560,14000000000.0,"(8.2100000000000009, 33.299999999999997, 141.03999999999999)",0.0,yes
21607,14000000000.0,"(140.62, 53.200000000000003, 124.62)",0.0,yes
21613,28000000000.0,"(50.984999999999999, 123.7, 140.63499999999999)",0.17734147851,yes
21625,14000000000.0,"(116.15000000000001, 102.28, 141.03999999999999)",0.0,yes
21658,14000000000.0,"(19.039999999999999, 76.180000000000007, 0.60999999999999999)",0.0,yes
21682,28000000000.0,"(38.0, 65.355000000000004, 0.22)",0.237118114028,yes
21687,14000000000.0,"(0.040000000000000001, 8.0800000000000001, 139.47)",0.0,yes
21702,14000000000.0,"(83.640000000000001, 125.08, 0.55000000000000004)",0.0,yes
21727,14000000000.0,"(31.57, 141.25, 41.57)",0.0,yes
21751,14000000000.0,"(124.73, 33.219999999999999, 140.59)",0.0,yes
21754,14000000000.0,"(140.53999999999999, 15.539999999999999, 18.829999999999998)",0.0,yes
21798,14000000000.0,"(115.8, 0.23000000000000001, 57.990000000000002)",0.0,yes
21828,14000000000.0,"(10.16, 141.28999999999999, 29.780000000000001)",0.0,yes
21870,42000000000.0,"(8.9033333333333342, 0.38000000000000006, 49.93)",0.383521692853,yes
21876,14000000000.0,"(81.379999999999995, 141.19999999999999, 57.390000000000001)",0.0,yes
21878,14000000000.0,"(49.530000000000001, 58.780000000000001, 0.52000000000000002)",0.0,yes
21988,14000000000.0,"(0.55000000000000004, 53.850000000000001, 101.23999999999999)",0.0,yes
22038,14000000000.0,"(28.84, 104.91, 0.59999999999999998)",0.0,yes
22084,14000000000.0,"(0.38, 54.780000000000001, 20.989999999999998)",0.0,yes
22116,14000000000.0,"(116.14, 99.700000000000003, 140.55000000000001)",0.0,yes
22131,14000000000.0,"(141.09, 83.859999999999999, 112.83)",0.0,yes
22137,14000000000.0,"(141.09999999999999, 133.15000000000001, 67.189999999999998)",0.0,yes
22164,14000000000.0,"(121.17, 0.72999999999999998, 88.430000000000007)",0.0,yes
22188,14000000000.0,"(88.129999999999995, 0.47999999999999998, 118.5)",0.0,yes
22226,14000000000.0,"(141.25, 108.72, 15.06)",0.0,yes
22289,14000000000.0,"(133.66, 35.979999999999997, 141.22)",0.0,yes
22292,14000000000.0,"(0.52000000000000002, 3.54, 71.989999999999995)",0.0,yes
22296,14000000000.0,"(88.349999999999994, 140.61000000000001, 75.730000000000004)",0.0,yes
22345,14000000000.0,"(42.909999999999997, 64.459999999999994, 0.41999999999999998)",0.0,yes
22346,14000000000.0,"(126.70999999999999, 0.5, 107.05)",0.0,yes
22372,14000000000.0,"(3.4900000000000002, 0.23000000000000001, 82.959999999999994)",0.0,yes
22460,14000000000.0,"(137.12, 0.70999999999999996, 96.75)",0.0,yes
22546,14000000000.0,"(0.080000000000000002, 72.700000000000003, 40.829999999999998)",0.0,yes
22564,14000000000.0,"(72.099999999999994, 140.69, 42.469999999999999)",0.0,yes
22606,14000000000.0,"(31.629999999999999, 0.55000000000000004, 140.87)",0.0,yes
22614,14000000000.0,"(20.68, 99.409999999999997, 0.33000000000000002)",0.0,yes
22638,14000000000.0,"(140.80000000000001, 32.719999999999999, 53.140000000000001)",0.0,yes
22639,14000000000.0,"(57.380000000000003, 127.67, 140.86000000000001)",0.0,yes
22652,14000000000.0,"(51.490000000000002, 141.00999999999999, 24.57)",0.0,yes
22672,14000000000.0,"(137.75, 69.230000000000004, 140.84)",0.0,yes
22674,14000000000.0,"(0.35999999999999999, 106.34, 135.03999999999999)",0.0,yes
22717,14000000000.0,"(57.109999999999999, 137.13, 140.97999999999999)",0.0,yes
22771,14000000000.0,"(60.090000000000003, 141.03, 10.289999999999999)",0.0,yes
22810,14000000000.0,"(134.81, 141.27000000000001, 94.379999999999995)",0.0,yes
22812,14000000000.0,"(47.509999999999998, 138.62, 140.59999999999999)",0.0,yes
22828,14000000000.0,"(43.020000000000003, 121.44, 141.03)",0.0,yes
22862,14000000000.0,"(140.97999999999999, 46.460000000000001, 23.449999999999999)",0.0,yes
22955,14000000000.0,"(55.549999999999997, 59.509999999999998, 0.22)",0.0,yes
22957,14000000000.0,"(40.149999999999999, 66.120000000000005, 0.46999999999999997)",0.0,yes
22959,14000000000.0,"(71.709999999999994, 101.63, 140.56)",0.0,yes
22968,14000000000.0,"(136.28, 140.68000000000001, 96.769999999999996)",0.0,yes
22994,14000000000.0,"(24.309999999999999, 90.650000000000006, 141.16)",0.0,yes
23077,28000000000.0,"(13.635000000000002, 140.58499999999998, 27.145)",0.236801604724,yes
23113,14000000000.0,"(87.310000000000002, 0.73999999999999999, 104.8)",0.0,yes
23120,14000000000.0,"(141.09, 95.489999999999995, 99.590000000000003)",0.0,yes
23170,28000000000.0,"(140.51499999999999, 17.815000000000001, 13.695)",0.15190457531,yes
23240,14000000000.0,"(120.66, 140.71000000000001, 20.129999999999999)",0.0,yes
23364,14000000000.0,"(0.70999999999999996, 75.760000000000005, 57.909999999999997)",0.0,yes
23368,14000000000.0,"(66.030000000000001, 140.80000000000001, 75.829999999999998)",0.0,yes
23379,14000000000.0,"(127.44, 9.1999999999999993, 141.06)",0.0,yes
23406,14000000000.0,"(4.8799999999999999, 141.22999999999999, 76.409999999999997)",0.0,yes
23407,14000000000.0,"(91.890000000000001, 8.6600000000000001, 140.61000000000001)",0.0,yes
23442,14000000000.0,"(0.23999999999999999, 48.990000000000002, 129.53999999999999)",0.0,yes
23465,14000000000.0,"(0.17999999999999999, 58.850000000000001, 103.84999999999999)",0.0,yes
23476,14000000000.0,"(0.14999999999999999, 25.91, 84.299999999999997)",0.0,yes
23518,14000000000.0,"(31.170000000000002, 140.87, 115.72)",0.0,yes
23572,14000000000.0,"(0.40000000000000002, 89.769999999999996, 48.670000000000002)",0.0,yes
23598,14000000000.0,"(0.16, 45.689999999999998, 117.87)",0.0,yes
23676,14000000000.0,"(113.79000000000001, 69.900000000000006, 0.46999999999999997)",0.0,yes
23699,14000000000.0,"(67.739999999999995, 56.890000000000001, 0.45000000000000001)",0.0,yes
23742,28000000000.0,"(42.965000000000003, 123.25, 0.69500000000000006)",0.133229125945,yes
23772,14000000000.0,"(16.969999999999999, 35.020000000000003, 0.56999999999999995)",0.0,yes
23777,14000000000.0,"(140.99000000000001, 53.719999999999999, 33.07)",0.0,yes
23789,14000000000.0,"(68.109999999999999, 140.72999999999999, 125.69)",0.0,yes
23822,28000000000.0,"(140.84999999999999, 111.255, 15.83)",0.373931811966,yes
23825,14000000000.0,"(45.439999999999998, 64.400000000000006, 141.27000000000001)",0.0,yes
23848,14000000000.0,"(126.56, 102.08, 0.14000000000000001)",0.0,yes
23870,14000000000.0,"(0.12, 86.030000000000001, 62.969999999999999)",0.0,yes
23885,14000000000.0,"(96.400000000000006, 140.91999999999999, 138.81999999999999)",0.0,yes
23888,14000000000.0,"(107.90000000000001, 0.20999999999999999, 65.439999999999998)",0.0,yes
23902,14000000000.0,"(95.569999999999993, 97.209999999999994, 0.12)",0.0,yes
23949,14000000000.0,"(139.63999999999999, 0.57999999999999996, 113.43000000000001)",0.0,yes
23970,14000000000.0,"(55.520000000000003, 140.90000000000001, 133.12)",0.0,yes
23996,14000000000.0,"(86.780000000000001, 0.02, 114.09999999999999)",0.0,yes
24071,14000000000.0,"(55.270000000000003, 16.809999999999999, 140.69999999999999)",0.0,yes
24128,14000000000.0,"(113.83, 0.76000000000000001, 62.600000000000001)",0.0,yes
24141,14000000000.0,"(141.16, 111.23999999999999, 115.59)",0.0,yes
24147,14000000000.0,"(0.56000000000000005, 52.899999999999999, 94.659999999999997)",0.0,yes
24254,14000000000.0,"(119.56, 0.76000000000000001, 65.140000000000001)",0.0,yes
24290,14000000000.0,"(134.13, 93.069999999999993, 140.75999999999999)",0.0,yes
24296,14000000000.0,"(0.56000000000000005, 6.4299999999999997, 41.789999999999999)",0.0,yes
24395,14000000000.0,"(114.70999999999999, 0.38, 11.710000000000001)",0.0,yes
24422,14000000000.0,"(118.78, 0.35999999999999999, 7.7400000000000002)",0.0,yes
24426,14000000000.0,"(59.57, 0.41999999999999998, 55.009999999999998)",0.0,yes
24443,14000000000.0,"(81.620000000000005, 0.070000000000000007, 34.219999999999999)",0.0,yes
24575,14000000000.0,"(0.17000000000000001, 139.30000000000001, 47.479999999999997)",0.0,yes
24577,14000000000.0,"(0.59999999999999998, 128.72999999999999, 32.32)",0.0,yes
24584,42000000000.0,"(96.886666666666656, 0.51666666666666672, 21.083333333333332)",0.314112506384,yes
24629,14000000000.0,"(141.13999999999999, 90.709999999999994, 81.239999999999995)",0.0,yes
24646,14000000000.0,"(0.62, 40.700000000000003, 75.260000000000005)",0.0,yes
24653,14000000000.0,"(46.020000000000003, 64.859999999999999, 0.17999999999999999)",0.0,yes
24696,14000000000.0,"(131.83000000000001, 43.009999999999998, 0.40000000000000002)",0.0,yes
24724,14000000000.0,"(134.34999999999999, 27.43, 140.59)",0.0,yes
24736,14000000000.0,"(131.38, 99.709999999999994, 0.12)",0.0,yes
24747,14000000000.0,"(0.12, 111.41, 16.870000000000001)",0.0,yes
24771,14000000000.0,"(16.98, 0.58999999999999997, 92.170000000000002)",0.0,yes
24819,14000000000.0,"(75.530000000000001, 0.42999999999999999, 67.609999999999999)",0.0,yes
24826,14000000000.0,"(83.599999999999994, 0.14999999999999999, 113.14)",0.0,yes
24922,14000000000.0,"(104.36, 141.09999999999999, 65.560000000000002)",0.0,yes
24930,14000000000.0,"(141.27000000000001, 45.090000000000003, 117.27)",0.0,yes
24934,14000000000.0,"(40.579999999999998, 0.23999999999999999, 61.18)",0.0,yes
24935,14000000000.0,"(0.60999999999999999, 49.460000000000001, 49.649999999999999)",0.0,yes
24957,14000000000.0,"(26.649999999999999, 141.22, 18.920000000000002)",0.0,yes
24985,14000000000.0,"(106.52, 0.52000000000000002, 130.41)",0.0,yes
24990,14000000000.0,"(61.060000000000002, 44.079999999999998, 0.10000000000000001)",0.0,yes
24992,14000000000.0,"(0.17999999999999999, 14.49, 60.43)",0.0,yes
24998,14000000000.0,"(68.459999999999994, 140.55000000000001, 34.310000000000002)",0.0,yes
25035,14000000000.0,"(112.90000000000001, 105.56999999999999, 0.76000000000000001)",0.0,yes
25055,14000000000.0,"(111.47, 0.62, 7.3899999999999997)",0.0,yes
25123,14000000000.0,"(53.890000000000001, 118.16, 140.69)",0.0,yes
25126,14000000000.0,"(100.98999999999999, 140.93000000000001, 100.73)",0.0,yes
25141,14000000000.0,"(140.87, 124.84, 73.900000000000006)",0.0,yes
25195,14000000000.0,"(81.079999999999998, 120.73, 0.19)",0.0,yes
25268,14000000000.0,"(111.40000000000001, 0.76000000000000001, 38.170000000000002)",0.0,yes
25346,14000000000.0,"(29.41, 0.39000000000000001, 27.170000000000002)",0.0,yes
25375,14000000000.0,"(85.459999999999994, 0.13, 26.609999999999999)",0.0,yes
25384,14000000000.0,"(140.56999999999999, 100.94, 104.54000000000001)",0.0,yes
25435,14000000000.0,"(47.259999999999998, 5.79, 0.53000000000000003)",0.0,yes
25445,14000000000.0,"(140.96000000000001, 0.81999999999999995, 79.810000000000002)",0.0,yes
25590,14000000000.0,"(73.760000000000005, 106.64, 140.78)",0.0,yes
25627,14000000000.0,"(140.91, 79.260000000000005, 86.219999999999999)",0.0,yes
25635,14000000000.0,"(122.37, 103.06, 0.68000000000000005)",0.0,yes
25636,14000000000.0,"(128.88999999999999, 0.56999999999999995, 72.549999999999997)",0.0,yes
25651,14000000000.0,"(0.57999999999999996, 125.09999999999999, 101.77)",0.0,yes
25731,14000000000.0,"(3.9199999999999999, 0.28999999999999998, 85.269999999999996)",0.0,yes
25740,14000000000.0,"(33.68, 69.099999999999994, 140.58000000000001)",0.0,yes
25742,14000000000.0,"(76.120000000000005, 0.56000000000000005, 3.7400000000000002)",0.0,yes
25860,28000000000.0,"(141.17000000000002, 54.745000000000005, 89.060000000000002)",0.130096118313,yes
25908,14000000000.0,"(124.87, 102.34, 0.73999999999999999)",0.0,yes
25950,14000000000.0,"(121.61, 82.900000000000006, 0.53000000000000003)",0.0,yes
25964,14000000000.0,"(140.74000000000001, 12.960000000000001, 39.990000000000002)",0.0,yes
25999,14000000000.0,"(39.93, 0.16, 20.48)",0.0,yes
26039,14000000000.0,"(39.560000000000002, 0.26000000000000001, 21.75)",0.0,yes
26056,14000000000.0,"(37.619999999999997, 85.879999999999995, 0.38)",0.0,yes
26066,14000000000.0,"(34.539999999999999, 64.909999999999997, 0.059999999999999998)",0.0,yes
26076,14000000000.0,"(121.53, 140.78, 45.560000000000002)",0.0,yes
26111,14000000000.0,"(120.31999999999999, 0.46000000000000002, 89.359999999999999)",0.0,yes
26200,14000000000.0,"(0.68000000000000005, 64.25, 28.300000000000001)",0.0,yes
26235,14000000000.0,"(77.909999999999997, 32.049999999999997, 140.90000000000001)",0.0,yes
26314,14000000000.0,"(140.91999999999999, 131.18000000000001, 42.25)",0.0,yes
26325,14000000000.0,"(79.909999999999997, 140.81999999999999, 66.950000000000003)",0.0,yes
26333,14000000000.0,"(57.859999999999999, 140.69, 125.95999999999999)",0.0,yes
26377,14000000000.0,"(140.75, 81.840000000000003, 82.040000000000006)",0.0,yes
26381,14000000000.0,"(135.75999999999999, 61.140000000000001, 140.93000000000001)",0.0,yes
26420,14000000000.0,"(128.63, 20.420000000000002, 0.28999999999999998)",0.0,yes
26478,14000000000.0,"(41.700000000000003, 121.59999999999999, 0.32000000000000001)",0.0,yes
26482,14000000000.0,"(58.520000000000003, 60.229999999999997, 0.01)",0.0,yes
26485,14000000000.0,"(104.03, 73.959999999999994, 141.09)",0.0,yes
26492,14000000000.0,"(12.42, 0.68999999999999995, 34.619999999999997)",0.0,yes
26513,14000000000.0,"(113.3, 141.13999999999999, 60.380000000000003)",0.0,yes
26536,14000000000.0,"(30.559999999999999, 0.62, 70.5)",0.0,yes
26569,28000000000.0,"(27.244999999999997, 99.75, 140.44)",0.229836898691,yes
26570,14000000000.0,"(76.590000000000003, 52.670000000000002, 0.76000000000000001)",0.0,yes
26573,14000000000.0,"(14.06, 0.14999999999999999, 23.84)",0.0,yes
26652,14000000000.0,"(0.73999999999999999, 125.47, 102.67)",0.0,yes
26660,14000000000.0,"(30.09, 116.34, 0.37)",0.0,yes
26727,14000000000.0,"(16.789999999999999, 140.65000000000001, 56.840000000000003)",0.0,yes
26758,14000000000.0,"(0.22, 124.67, 67.700000000000003)",0.0,yes
26804,14000000000.0,"(109.23999999999999, 63.770000000000003, 0.17999999999999999)",0.0,yes
26814,14000000000.0,"(140.59999999999999, 114.51000000000001, 134.69999999999999)",0.0,yes
26854,14000000000.0,"(0.070000000000000007, 46.57, 126.77)",0.0,yes
26910,14000000000.0,"(103.08, 140.88999999999999, 138.58000000000001)",0.0,yes
26911,14000000000.0,"(112.90000000000001, 111.48, 0.16)",0.0,yes
26926,14000000000.0,"(0.12, 76.099999999999994, 84.129999999999995)",0.0,yes
26948,14000000000.0,"(79.549999999999997, 13.98, 0.71999999999999997)",0.0,yes
26949,14000000000.0,"(139.03999999999999, 124.51000000000001, 0.56999999999999995)",0.0,yes
26992,14000000000.0,"(110.81999999999999, 140.78, 32.68)",0.0,yes
27067,14000000000.0,"(112.39, 141.19999999999999, 8.3399999999999999)",0.0,yes
27069,14000000000.0,"(71.209999999999994, 9.5899999999999999, 0.029999999999999999)",0.0,yes
27079,14000000000.0,"(141.28, 1.6699999999999999, 12.720000000000001)",0.0,yes
27086,14000000000.0,"(68.730000000000004, 71.079999999999998, 0.050000000000000003)",0.0,yes
27137,14000000000.0,"(0.62, 97.359999999999999, 35.649999999999999)",0.0,yes
27163,14000000000.0,"(118.03, 104.06, 140.86000000000001)",0.0,yes
27170,14000000000.0,"(60.909999999999997, 72.090000000000003, 141.25999999999999)",0.0,yes
27208,14000000000.0,"(40.0, 141.28, 126.19)",0.0,yes
27212,14000000000.0,"(21.25, 45.850000000000001, 141.22999999999999)",0.0,yes
27256,14000000000.0,"(0.72999999999999998, 50.75, 86.590000000000003)",0.0,yes
27275,14000000000.0,"(140.65000000000001, 79.189999999999998, 96.180000000000007)",0.0,yes
27291,14000000000.0,"(120.08, 75.769999999999996, 141.00999999999999)",0.0,yes
27297,14000000000.0,"(79.560000000000002, 76.959999999999994, 140.59)",0.0,yes
27313,14000000000.0,"(68.739999999999995, 4.5899999999999999, 0.34000000000000002)",0.0,yes
27325,28000000000.0,"(140.685, 85.025000000000006, 66.52000000000001)",0.177059312096,yes
27326,14000000000.0,"(79.769999999999996, 90.079999999999998, 0.59999999999999998)",0.0,yes
27345,14000000000.0,"(74.209999999999994, 104.68000000000001, 0.22)",0.0,yes
27381,14000000000.0,"(0.67000000000000004, 34.100000000000001, 53.039999999999999)",0.0,yes
27409,14000000000.0,"(12.720000000000001, 0.19, 30.859999999999999)",0.0,yes
27410,14000000000.0,"(97.790000000000006, 123.3, 0.17000000000000001)",0.0,yes
27474,14000000000.0,"(53.68, 54.719999999999999, 0.02)",0.0,yes
27595,14000000000.0,"(3.1800000000000002, 0.56000000000000005, 76.75)",0.0,yes
27610,14000000000.0,"(28.690000000000001, 2.8100000000000001, 141.03)",0.0,yes
27617,14000000000.0,"(31.079999999999998, 54.369999999999997, 140.75999999999999)",0.0,yes
27666,14000000000.0,"(66.170000000000002, 58.530000000000001, 140.77000000000001)",0.0,yes
27755,14000000000.0,"(50.109999999999999, 123.31, 0.76000000000000001)",0.0,yes
27765,14000000000.0,"(0.17999999999999999, 21.59, 33.420000000000002)",0.0,yes
27777,14000000000.0,"(0.11, 86.700000000000003, 20.920000000000002)",0.0,yes
27779,14000000000.0,"(140.75999999999999, 115.70999999999999, 18.23)",0.0,yes
27806,14000000000.0,"(30.359999999999999, 105.23, 141.09999999999999)",0.0,yes
27834,14000000000.0,"(141.13999999999999, 73.010000000000005, 140.06)",0.0,yes
27852,14000000000.0,"(141.00999999999999, 58.18, 139.06999999999999)",0.0,yes
27871,14000000000.0,"(106.64, 117.53, 0.23000000000000001)",0.0,yes
27889,14000000000.0,"(56.25, 20.239999999999998, 0.02)",0.0,yes
27901,14000000000.0,"(21.920000000000002, 37.57, 0.56999999999999995)",0.0,yes
28106,14000000000.0,"(141.0, 119.2, 23.949999999999999)",0.0,yes
28125,14000000000.0,"(67.859999999999999, 71.379999999999995, 0.31)",0.0,yes
28141,14000000000.0,"(64.890000000000001, 0.62, 37.590000000000003)",0.0,yes
28174,14000000000.0,"(70.590000000000003, 14.41, 141.00999999999999)",0.0,yes
28272,14000000000.0,"(140.84999999999999, 77.260000000000005, 128.27000000000001)",0.0,yes
28277,14000000000.0,"(15.890000000000001, 0.14999999999999999, 81.819999999999993)",0.0,yes
28320,14000000000.0,"(66.159999999999997, 56.960000000000001, 0.25)",0.0,yes
28347,14000000000.0,"(0.34999999999999998, 77.890000000000001, 132.81)",0.0,yes
28370,14000000000.0,"(57.219999999999999, 140.65000000000001, 12.52)",0.0,yes
28373,14000000000.0,"(140.72, 107.45, 13.84)",0.0,yes
28407,14000000000.0,"(0.60999999999999999, 19.760000000000002, 44.380000000000003)",0.0,yes
28454,14000000000.0,"(55.159999999999997, 141.00999999999999, 59.590000000000003)",0.0,yes
28474,14000000000.0,"(7.0199999999999996, 49.560000000000002, 0.35999999999999999)",0.0,yes
28476,14000000000.0,"(50.920000000000002, 0.35999999999999999, 50.07)",0.0,yes
28516,14000000000.0,"(19.010000000000002, 87.170000000000002, 140.78)",0.0,yes
28525,14000000000.0,"(140.61000000000001, 81.049999999999997, 62.079999999999998)",0.0,yes
28596,14000000000.0,"(14.720000000000001, 102.91, 141.02000000000001)",0.0,yes
28614,14000000000.0,"(53.359999999999999, 106.81, 141.06)",0.0,yes
28631,14000000000.0,"(136.22999999999999, 140.94999999999999, 95.950000000000003)",0.0,yes
28671,14000000000.0,"(140.94999999999999, 4.2699999999999996, 40.810000000000002)",0.0,yes
28718,14000000000.0,"(57.439999999999998, 141.03, 3.8599999999999999)",0.0,yes
28762,14000000000.0,"(5.4000000000000004, 0.34000000000000002, 60.969999999999999)",0.0,yes
28800,14000000000.0,"(141.28999999999999, 76.640000000000001, 59.950000000000003)",0.0,yes
28814,14000000000.0,"(117.88, 0.040000000000000001, 127.31)",0.0,yes
28845,14000000000.0,"(140.81999999999999, 61.299999999999997, 123.34999999999999)",0.0,yes
28891,14000000000.0,"(140.69999999999999, 10.9, 53.509999999999998)",0.0,yes
28967,14000000000.0,"(141.00999999999999, 122.41, 8.6699999999999999)",0.0,yes
28971,14000000000.0,"(52.649999999999999, 56.030000000000001, 141.09999999999999)",0.0,yes
28976,14000000000.0,"(0.68999999999999995, 19.050000000000001, 35.68)",0.0,yes
28980,14000000000.0,"(50.060000000000002, 141.00999999999999, 102.93000000000001)",0.0,yes
28988,14000000000.0,"(44.109999999999999, 0.13, 73.819999999999993)",0.0,yes
29015,14000000000.0,"(77.640000000000001, 127.45, 140.87)",0.0,yes
29084,14000000000.0,"(140.59, 51.75, 139.09)",0.0,yes
29103,14000000000.0,"(7.4000000000000004, 0.40000000000000002, 90.810000000000002)",0.0,yes
29109,14000000000.0,"(18.870000000000001, 141.13999999999999, 58.700000000000003)",0.0,yes
29135,14000000000.0,"(43.159999999999997, 5.2000000000000002, 140.71000000000001)",0.0,yes
29142,14000000000.0,"(69.390000000000001, 67.060000000000002, 140.74000000000001)",0.0,yes
29160,14000000000.0,"(16.41, 140.97, 23.449999999999999)",0.0,yes
29184,14000000000.0,"(0.19, 111.29000000000001, 129.33000000000001)",0.0,yes
29185,14000000000.0,"(140.72999999999999, 103.73, 4.8300000000000001)",0.0,yes
29219,14000000000.0,"(0.52000000000000002, 113.44, 102.94)",0.0,yes
29227,14000000000.0,"(77.290000000000006, 0.40999999999999998, 111.51000000000001)",0.0,yes
29233,14000000000.0,"(0.68000000000000005, 44.509999999999998, 10.07)",0.0,yes
29289,14000000000.0,"(125.23, 35.119999999999997, 140.90000000000001)",0.0,yes
29294,14000000000.0,"(95.609999999999999, 141.24000000000001, 22.640000000000001)",0.0,yes
29295,14000000000.0,"(12.32, 63.490000000000002, 140.61000000000001)",0.0,yes
29320,14000000000.0,"(98.790000000000006, 140.86000000000001, 137.74000000000001)",0.0,yes
29387,14000000000.0,"(45.5, 121.36, 140.87)",0.0,yes
29396,14000000000.0,"(30.199999999999999, 89.349999999999994, 141.19999999999999)",0.0,yes
29414,14000000000.0,"(125.69, 90.439999999999998, 0.45000000000000001)",0.0,yes
29416,14000000000.0,"(31.129999999999999, 0.56000000000000005, 114.67)",0.0,yes
29447,14000000000.0,"(0.73999999999999999, 46.380000000000003, 8.4199999999999999)",0.0,yes
29554,14000000000.0,"(20.859999999999999, 65.640000000000001, 141.15000000000001)",0.0,yes
29588,14000000000.0,"(110.34999999999999, 140.74000000000001, 120.88)",0.0,yes
29605,14000000000.0,"(0.050000000000000003, 54.32, 60.5)",0.0,yes
29699,14000000000.0,"(127.84999999999999, 136.36000000000001, 140.69)",0.0,yes
29703,14000000000.0,"(103.59, 58.039999999999999, 141.02000000000001)",0.0,yes
29705,14000000000.0,"(141.02000000000001, 106.09999999999999, 9.4900000000000002)",0.0,yes
29735,14000000000.0,"(140.69999999999999, 19.16, 38.780000000000001)",0.0,yes
29736,14000000000.0,"(5.4400000000000004, 61.899999999999999, 141.11000000000001)",0.0,yes
29769,14000000000.0,"(94.340000000000003, 0.28000000000000003, 23.149999999999999)",0.0,yes
29875,14000000000.0,"(13.19, 140.69999999999999, 68.680000000000007)",0.0,yes
29876,14000000000.0,"(62.189999999999998, 0.37, 98.400000000000006)",0.0,yes
29898,14000000000.0,"(65.540000000000006, 0.76000000000000001, 55.399999999999999)",0.0,yes
29931,14000000000.0,"(141.11000000000001, 3.7000000000000002, 38.780000000000001)",0.0,yes
29963,14000000000.0,"(134.88, 82.5, 140.62)",0.0,yes
29970,14000000000.0,"(0.089999999999999997, 107.13, 140.43000000000001)",0.0,yes
29998,14000000000.0,"(16.789999999999999, 140.81, 65.129999999999995)",0.0,yes
30062,14000000000.0,"(3.2999999999999998, 88.450000000000003, 141.11000000000001)",0.0,yes
30105,14000000000.0,"(42.130000000000003, 132.62, 0.10000000000000001)",0.0,yes
30120,14000000000.0,"(0.20999999999999999, 124.91, 22.07)",0.0,yes
30135,14000000000.0,"(81.019999999999996, 76.859999999999999, 0.56999999999999995)",0.0,yes
30145,14000000000.0,"(10.27, 72.5, 0.13)",0.0,yes
30164,14000000000.0,"(57.82, 32.359999999999999, 0.14999999999999999)",0.0,yes
30183,14000000000.0,"(61.109999999999999, 141.0, 10.74)",0.0,yes
30238,14000000000.0,"(0.029999999999999999, 60.119999999999997, 96.230000000000004)",0.0,yes
30267,14000000000.0,"(141.15000000000001, 90.150000000000006, 140.25)",0.0,yes
30282,14000000000.0,"(0.34000000000000002, 55.229999999999997, 23.969999999999999)",0.0,yes
30307,14000000000.0,"(136.34999999999999, 0.59999999999999998, 80.299999999999997)",0.0,yes
30367,14000000000.0,"(119.11, 31.02, 140.63999999999999)",0.0,yes
30390,14000000000.0,"(62.039999999999999, 39.109999999999999, 0.13)",0.0,yes
30435,14000000000.0,"(124.28, 78.400000000000006, 141.16999999999999)",0.0,yes
30477,14000000000.0,"(116.76000000000001, 140.53999999999999, 91.909999999999997)",0.0,yes
30511,14000000000.0,"(100.42, 140.62, 15.0)",0.0,yes
30526,14000000000.0,"(122.64, 117.33, 141.15000000000001)",0.0,yes
30530,14000000000.0,"(110.98999999999999, 107.48, 0.29999999999999999)",0.0,yes
30565,14000000000.0,"(117.40000000000001, 0.46999999999999997, 49.390000000000001)",0.0,yes
30573,14000000000.0,"(95.879999999999995, 141.15000000000001, 59.5)",0.0,yes
